,protocol,dst_addr,src_port,dst_port,forward_addr,app_name
72,tcp,34.120.158.37,57953,443,10.177.71.215,火狐通用协议
138,tcp,34.120.158.37,57951,443,10.177.71.215,火狐通用协议
145,udp,202.120.224.26,53839,53,10.177.71.215,DNS
146,udp,202.120.224.26,65079,53,10.177.71.215,DNS
148,udp,202.120.224.26,51447,53,10.177.71.215,DNS
154,tcp,34.120.158.37,57967,443,10.177.71.215,火狐通用协议
155,udp,202.120.224.26,52401,53,10.177.71.215,DNS
160,udp,202.120.224.26,64033,53,10.177.71.215,DNS
172,udp,202.120.224.26,59931,53,10.177.71.215,DNS
182,udp,202.120.224.26,55680,53,10.177.71.215,DNS
189,udp,202.120.224.26,62129,53,10.177.71.215,DNS
194,udp,202.120.224.26,58538,53,10.177.71.215,DNS
209,udp,202.120.224.26,54709,53,10.177.71.215,DNS
217,udp,202.120.224.26,50600,53,10.177.71.215,DNS
220,udp,202.120.224.26,63171,53,10.177.71.215,DNS
230,udp,202.120.224.26,55429,53,10.177.71.215,DNS
234,udp,202.120.224.26,60302,53,10.177.71.215,DNS
236,udp,202.120.224.26,55132,53,10.177.71.215,DNS
237,udp,202.120.224.26,52914,53,10.177.71.215,DNS
239,udp,202.120.224.26,59184,53,10.177.71.215,DNS
252,udp,202.120.224.26,62094,53,10.177.71.215,DNS
264,udp,202.120.224.26,58460,53,10.177.71.215,DNS
282,udp,61.129.42.6,65321,53,10.177.71.215,DNS
284,udp,202.120.224.26,54071,53,10.177.71.215,DNS
289,udp,202.120.224.26,61995,53,10.177.71.215,DNS
294,udp,61.129.42.6,54071,53,10.177.71.215,DNS
306,udp,202.120.224.26,56578,53,10.177.71.215,DNS
315,udp,61.129.42.6,56578,53,10.177.71.215,DNS
317,udp,202.120.224.26,62605,53,10.177.71.215,DNS
322,tcp,54.149.234.21,57936,443,10.177.71.215,火狐通用协议
327,udp,202.120.224.26,65488,53,10.177.71.215,DNS
328,udp,202.120.224.26,65321,53,10.177.71.215,DNS
330,tcp,52.39.48.28,57933,443,10.177.71.215,火狐通用协议
344,udp,202.120.224.26,60781,53,10.177.71.215,DNS
348,udp,202.120.224.26,62422,53,10.177.71.215,DNS
350,udp,202.120.224.26,54717,53,10.177.71.215,DNS
363,udp,202.120.224.26,57587,53,10.177.71.215,DNS
370,udp,202.120.224.26,49577,53,10.177.71.215,DNS
372,udp,202.120.224.26,57992,53,10.177.71.215,DNS
375,udp,202.120.224.26,49683,53,10.177.71.215,DNS
376,udp,202.120.224.26,56760,53,10.177.71.215,DNS
377,udp,202.120.224.26,49362,53,10.177.71.215,DNS
391,udp,202.120.224.26,60348,53,10.177.71.215,DNS
396,udp,202.120.224.26,52912,53,10.177.71.215,DNS
408,tcp,34.120.158.37,58006,443,10.177.71.215,火狐通用协议
414,tcp,34.120.158.37,57954,443,10.177.71.215,火狐通用协议
451,udp,202.120.224.26,59333,53,10.177.71.215,DNS
460,udp,202.120.224.26,56311,53,10.177.71.215,DNS
463,udp,202.120.224.26,53491,53,10.177.71.215,DNS
464,tcp,34.120.158.37,58007,443,10.177.71.215,火狐通用协议
469,tcp,203.208.40.1,58015,443,10.177.71.215,谷歌通用协议
489,tcp,34.120.158.37,57990,443,10.177.71.215,火狐通用协议
499,tcp,13.107.42.12,57992,443,10.177.71.215,SSL
531,tcp,34.107.221.82,57937,80,10.177.71.215,火狐通用协议
532,tcp,152.195.38.76,57934,80,10.177.71.215,OCSP
533,tcp,52.109.124.115,57989,443,10.177.71.215,Microsoft_Office
537,tcp,34.120.158.37,58030,443,10.177.71.215,火狐通用协议
539,tcp,34.120.158.37,58027,443,10.177.71.215,火狐通用协议
550,tcp,152.195.38.76,57939,80,10.177.71.215,OCSP
554,tcp,34.107.221.82,57935,80,10.177.71.215,火狐通用协议
555,tcp,23.200.74.8,57952,80,10.177.71.215,OCSP
581,udp,202.120.224.26,52108,53,10.177.71.215,DNS
598,tcp,34.120.158.37,58000,443,10.177.71.215,火狐通用协议
620,tcp,34.120.158.37,58009,443,10.177.71.215,火狐通用协议
662,tcp,34.120.158.37,58011,443,10.177.71.215,火狐通用协议
697,udp,202.120.224.26,57885,53,10.177.71.215,DNS
703,tcp,34.120.158.37,58014,443,10.177.71.215,火狐通用协议
724,tcp,222.192.187.168,58074,443,10.177.71.215,爱快云平台
739,tcp,13.107.42.12,58025,443,10.177.71.215,SSL
766,udp,202.120.224.26,53597,53,10.177.71.215,DNS
805,udp,202.120.224.26,64828,53,10.177.71.215,DNS
827,udp,61.129.42.6,49435,53,10.177.71.215,DNS
828,udp,202.120.224.26,63336,53,10.177.71.215,DNS
830,udp,202.120.224.26,56238,53,10.177.71.215,DNS
837,udp,202.120.224.26,49435,53,10.177.71.215,DNS
844,udp,61.129.42.6,63336,53,10.177.71.215,DNS
845,udp,202.120.224.26,51375,53,10.177.71.215,DNS
846,udp,202.120.224.26,51687,53,10.177.71.215,DNS
850,udp,202.120.224.26,61371,53,10.177.71.215,DNS
856,udp,61.129.42.6,51687,53,10.177.71.215,DNS
867,udp,202.120.224.26,62691,53,10.177.71.215,DNS
1007,tcp,192.124.249.36,58078,80,10.177.71.215,TCP三次握手
1028,udp,202.120.224.26,57762,53,10.177.71.215,DNS
1050,tcp,13.107.42.12,58103,443,10.177.71.215,SSL
1060,udp,202.120.224.26,64994,53,10.177.71.215,DNS
1211,udp,202.120.224.26,60657,53,10.177.71.215,DNS
1313,tcp,13.107.42.12,58133,443,10.177.71.215,SSL
1379,udp,202.120.224.26,58403,53,10.177.71.215,DNS
1382,udp,61.129.42.6,58403,53,10.177.71.215,DNS
1602,udp,202.120.224.26,56428,53,10.177.71.215,DNS
1761,tcp,36.156.217.205,58188,443,10.177.71.215,哔哩哔哩动画
1799,tcp,36.156.217.205,58187,443,10.177.71.215,哔哩哔哩动画
1843,tcp,58.205.221.201,58198,443,10.177.71.215,哔哩哔哩动画
1861,tcp,58.205.221.201,58196,443,10.177.71.215,哔哩哔哩动画
1867,tcp,58.205.221.201,58195,443,10.177.71.215,哔哩哔哩动画
1878,tcp,58.205.221.202,58194,443,10.177.71.215,哔哩哔哩动画
1881,tcp,58.205.221.202,58192,443,10.177.71.215,哔哩哔哩动画
1926,tcp,123.234.3.168,58203,443,10.177.71.215,哔哩哔哩动画
1982,tcp,123.234.3.166,58210,443,10.177.71.215,哔哩哔哩直播姬
2068,udp,202.120.224.26,59422,53,10.177.71.215,DNS
2073,tcp,123.234.3.166,58215,443,10.177.71.215,哔哩哔哩动画
2085,udp,202.120.224.26,49665,53,10.177.71.215,DNS
2094,udp,202.120.224.26,58174,53,10.177.71.215,DNS
2099,udp,202.120.224.26,58209,53,10.177.71.215,DNS
2113,udp,202.120.224.26,49633,53,10.177.71.215,DNS
2129,udp,202.120.224.26,54903,53,10.177.71.215,DNS
2134,udp,202.120.224.26,62757,53,10.177.71.215,DNS
2144,udp,202.120.224.26,60664,53,10.177.71.215,DNS
2146,udp,202.120.224.26,50404,53,10.177.71.215,DNS
2148,udp,202.120.224.26,55825,53,10.177.71.215,DNS
2152,udp,202.120.224.26,60757,53,10.177.71.215,DNS
2160,tcp,36.156.217.205,58189,443,10.177.71.215,哔哩哔哩动画
2164,udp,202.120.224.26,61801,53,10.177.71.215,DNS
2170,udp,202.120.224.26,62445,53,10.177.71.215,DNS
2171,udp,202.120.224.26,53720,53,10.177.71.215,DNS
2173,tcp,58.205.221.202,58193,443,10.177.71.215,哔哩哔哩动画
2174,tcp,123.234.3.168,58220,443,10.177.71.215,哔哩哔哩动画
2181,udp,202.120.224.26,59531,53,10.177.71.215,DNS
2204,tcp,39.135.220.50,58199,443,10.177.71.215,哔哩哔哩动画
2205,udp,202.120.224.26,49966,53,10.177.71.215,DNS
2206,udp,202.120.224.26,54169,53,10.177.71.215,DNS
2209,udp,202.120.224.26,58547,53,10.177.71.215,DNS
2210,udp,202.120.224.26,54624,53,10.177.71.215,DNS
2224,udp,202.120.224.26,61006,53,10.177.71.215,DNS
2232,udp,202.120.224.26,64128,53,10.177.71.215,DNS
2235,udp,61.129.42.6,57632,53,10.177.71.215,DNS
2239,udp,61.129.42.6,61465,53,10.177.71.215,DNS
2243,udp,202.120.224.26,57143,53,10.177.71.215,DNS
2249,tcp,180.163.151.161,58221,443,10.177.71.215,谷歌通用协议
2250,udp,202.120.224.26,53488,53,10.177.71.215,DNS
2254,udp,202.120.224.26,60430,53,10.177.71.215,DNS
2260,udp,202.120.224.26,57632,53,10.177.71.215,DNS
2262,udp,202.120.224.26,61465,53,10.177.71.215,DNS
2264,udp,202.120.224.26,63449,53,10.177.71.215,DNS
2289,udp,202.120.224.26,65396,53,10.177.71.215,DNS
2291,tcp,123.234.3.166,58224,443,10.177.71.215,哔哩哔哩动画
2294,udp,202.120.224.26,56889,53,10.177.71.215,DNS
2298,udp,202.120.224.26,52163,53,10.177.71.215,DNS
2308,udp,202.120.224.26,58511,53,10.177.71.215,DNS
2312,udp,202.120.224.26,53197,53,10.177.71.215,DNS
2376,udp,202.120.224.26,54479,53,10.177.71.215,DNS
2408,tcp,58.205.221.201,58190,80,10.177.71.215,OCSP
2411,udp,202.120.224.26,50931,53,10.177.71.215,DNS
2424,tcp,180.163.151.161,58219,443,10.177.71.215,谷歌通用协议
2428,udp,202.120.224.26,63097,53,10.177.71.215,DNS
2438,udp,202.120.224.26,63589,53,10.177.71.215,DNS
2485,udp,202.120.224.26,52095,53,10.177.71.215,DNS
2633,tcp,199.96.62.41,58204,443,10.177.71.215,TCP三次握手
2650,tcp,199.96.62.41,58208,443,10.177.71.215,TCP三次握手
2671,udp,202.120.224.26,59300,53,10.177.71.215,DNS
2719,tcp,52.113.194.132,57965,443,10.177.71.215,Microsoft_Office
2774,udp,202.120.224.26,59676,53,10.177.71.215,DNS
2870,udp,202.120.224.26,62688,53,10.177.71.215,DNS
2898,udp,202.120.224.26,57839,53,10.177.71.215,DNS
2900,udp,202.120.224.26,52220,53,10.177.71.215,DNS
2927,tcp,52.88.141.69,58066,443,10.177.71.215,火狐通用协议
3016,udp,202.120.224.26,54085,53,10.177.71.215,DNS
3031,udp,202.120.224.26,57442,53,10.177.71.215,DNS
3033,udp,202.120.224.26,56447,53,10.177.71.215,DNS
3067,tcp,192.124.249.23,58076,80,10.177.71.215,OCSP
3071,tcp,192.124.249.23,58075,80,10.177.71.215,OCSP
3219,udp,202.120.224.26,61913,53,10.177.71.215,DNS
3445,udp,202.120.224.26,62530,53,10.177.71.215,DNS
3654,udp,202.120.224.26,62973,53,10.177.71.215,DNS
3851,udp,202.120.224.26,51502,53,10.177.71.215,DNS
3886,tcp,52.109.44.44,57994,443,10.177.71.215,Microsoft_Office
3893,tcp,52.109.44.44,57996,443,10.177.71.215,Microsoft_Office
3894,tcp,152.195.38.76,57999,80,10.177.71.215,OCSP
3904,tcp,52.109.44.44,57995,443,10.177.71.215,Microsoft_Office
3905,tcp,52.109.44.44,57993,443,10.177.71.215,Microsoft_Office
3912,tcp,20.189.173.1,58036,443,10.177.71.215,Microsoft通用协议
4041,udp,202.120.224.26,55044,53,10.177.71.215,DNS
4301,tcp,34.107.221.82,58023,80,10.177.71.215,火狐通用协议
4311,tcp,34.107.221.82,58028,80,10.177.71.215,火狐通用协议
4358,udp,202.120.224.26,52631,53,10.177.71.215,DNS
4549,tcp,140.82.114.26,57151,443,10.177.71.215,GitHub
4555,tcp,123.234.3.166,58207,443,10.177.71.215,哔哩哔哩直播
4620,tcp,34.120.208.123,58384,443,10.177.71.215,火狐通用协议
4660,tcp,58.205.221.201,58197,443,10.177.71.215,哔哩哔哩动画
4663,tcp,123.234.3.167,58211,443,10.177.71.215,哔哩哔哩动画
4664,tcp,39.135.220.50,58200,443,10.177.71.215,哔哩哔哩动画
4666,tcp,58.205.221.202,58191,443,10.177.71.215,哔哩哔哩动画
4669,tcp,13.107.42.12,57997,443,10.177.71.215,SSL
4671,tcp,58.205.221.201,58183,80,10.177.71.215,OCSP
4672,tcp,36.156.217.205,58186,443,10.177.71.215,哔哩哔哩动画
4673,tcp,58.205.220.32,58205,443,10.177.71.215,哔哩哔哩动画
4676,tcp,34.117.65.55,57165,443,10.177.71.215,火狐通用协议
4677,udp,202.120.224.26,63908,53,10.177.71.215,DNS
4682,tcp,123.234.3.167,58181,443,10.177.71.215,哔哩哔哩动画
4687,tcp,13.107.42.12,57991,443,10.177.71.215,SSL
4714,tcp,35.186.227.140,57691,443,10.177.71.215,火狐通用协议
4778,udp,202.120.224.26,59986,53,10.177.71.215,DNS
4846,tcp,13.107.42.12,58398,443,10.177.71.215,SSL
4987,udp,202.120.224.26,59540,53,10.177.71.215,DNS
4997,udp,202.120.224.26,55835,53,10.177.71.215,DNS
5005,udp,61.129.42.6,55835,53,10.177.71.215,DNS
5015,udp,202.120.224.26,57829,53,10.177.71.215,DNS
5028,tcp,13.107.13.93,58419,443,10.177.71.215,Microsoft通用协议
5033,udp,202.120.224.26,51858,53,10.177.71.215,DNS
5041,udp,202.120.224.26,64717,53,10.177.71.215,DNS
5061,udp,202.120.224.26,61043,53,10.177.71.215,DNS
5080,tcp,20.42.65.89,58427,443,10.177.71.215,Microsoft通用协议
5083,tcp,20.42.65.89,58428,443,10.177.71.215,Microsoft通用协议
5152,udp,202.120.224.26,60827,53,10.177.71.215,DNS
5171,tcp,20.49.150.241,58436,443,10.177.71.215,Microsoft通用协议
5215,tcp,117.18.232.200,58414,443,10.177.71.215,Microsoft通用协议
5219,tcp,117.18.232.200,58418,443,10.177.71.215,Microsoft通用协议
5223,tcp,20.43.132.130,58417,443,10.177.71.215,VSCode
5246,tcp,117.18.232.200,58423,443,10.177.71.215,Microsoft通用协议
5250,tcp,20.49.150.241,58441,443,10.177.71.215,Microsoft通用协议
5277,tcp,117.18.232.200,58424,443,10.177.71.215,Microsoft通用协议
5300,tcp,20.42.65.89,58425,443,10.177.71.215,Microsoft通用协议
5312,udp,202.120.224.26,51235,53,10.177.71.215,DNS
5335,tcp,20.42.65.89,58452,443,10.177.71.215,Microsoft通用协议
5353,udp,202.120.224.26,57406,53,10.177.71.215,DNS
5403,tcp,20.42.65.89,58464,443,10.177.71.215,Microsoft通用协议
5409,tcp,20.42.65.89,58458,443,10.177.71.215,Microsoft通用协议
5479,tcp,52.109.77.1,58236,443,10.177.71.215,Microsoft_Office
5540,tcp,117.18.232.200,58463,443,10.177.71.215,Microsoft通用协议
5681,tcp,40.127.169.103,58499,443,10.177.71.215,Windows自动更新
5684,udp,202.120.224.26,62521,53,10.177.71.215,DNS
5757,udp,202.120.224.26,51323,53,10.177.71.215,DNS
5814,tcp,40.127.169.103,58490,443,10.177.71.215,Windows自动更新
5819,tcp,40.127.169.103,58504,443,10.177.71.215,Windows自动更新
5855,tcp,20.189.173.3,58493,443,10.177.71.215,Windows自动更新
5859,udp,202.120.224.26,54609,53,10.177.71.215,DNS
5912,udp,202.120.224.26,62189,53,10.177.71.215,DNS
5935,tcp,20.242.39.171,58496,443,10.177.71.215,Windows自动更新
6173,udp,202.120.224.26,49567,53,10.177.71.215,DNS
6174,udp,202.120.224.26,59994,53,10.177.71.215,DNS
6181,udp,202.120.224.26,64356,53,10.177.71.215,DNS
6182,udp,202.120.224.26,64066,53,10.177.71.215,DNS
6183,udp,202.120.224.26,63282,53,10.177.71.215,DNS
6186,udp,202.120.224.26,58934,53,10.177.71.215,DNS
6187,udp,202.120.224.26,57867,53,10.177.71.215,DNS
6203,udp,202.120.224.26,60207,53,10.177.71.215,DNS
6209,udp,202.120.224.26,54787,53,10.177.71.215,DNS
6212,udp,202.120.224.26,53470,53,10.177.71.215,DNS
6215,udp,202.120.224.26,51554,53,10.177.71.215,DNS
6218,udp,202.120.224.26,62423,53,10.177.71.215,DNS
6222,udp,61.129.42.6,64356,53,10.177.71.215,DNS
6226,udp,202.120.224.26,65060,53,10.177.71.215,DNS
6227,udp,202.120.224.26,62543,53,10.177.71.215,DNS
6231,udp,202.120.224.26,51532,53,10.177.71.215,DNS
6251,udp,202.120.224.26,62850,53,10.177.71.215,DNS
6252,udp,202.120.224.26,57055,53,10.177.71.215,DNS
6254,udp,202.120.224.26,59220,53,10.177.71.215,DNS
6255,udp,202.120.224.26,58846,53,10.177.71.215,DNS
6258,udp,202.120.224.26,65344,53,10.177.71.215,DNS
6263,udp,202.120.224.26,54963,53,10.177.71.215,DNS
6270,udp,202.120.224.26,56518,53,10.177.71.215,DNS
6273,udp,202.120.224.26,54145,53,10.177.71.215,DNS
6274,udp,202.120.224.26,50072,53,10.177.71.215,DNS
6276,udp,61.129.42.6,59312,53,10.177.71.215,DNS
6281,udp,202.120.224.26,52351,53,10.177.71.215,DNS
6291,udp,202.120.224.26,53269,53,10.177.71.215,DNS
6295,udp,202.120.224.26,57179,53,10.177.71.215,DNS
6296,udp,202.120.224.26,53316,53,10.177.71.215,DNS
6302,tcp,34.120.208.123,58525,443,10.177.71.215,火狐通用协议
6310,udp,202.120.224.26,59691,53,10.177.71.215,DNS
6315,udp,202.120.224.26,59312,53,10.177.71.215,DNS
6318,udp,202.120.224.26,50618,53,10.177.71.215,DNS
6325,udp,61.129.42.6,60159,53,10.177.71.215,DNS
6326,udp,202.120.224.26,54758,53,10.177.71.215,DNS
6330,udp,202.120.224.26,60159,53,10.177.71.215,DNS
6336,udp,202.120.224.26,63364,53,10.177.71.215,DNS
6339,udp,202.120.224.26,60974,53,10.177.71.215,DNS
6413,tcp,198.175.113.248,58459,9080,10.177.71.215,SSH
6538,tcp,152.195.38.76,58533,80,10.177.71.215,OCSP
6574,tcp,51.132.193.104,58564,443,10.177.71.215,Microsoft通用协议
6617,tcp,54.230.21.85,58512,443,10.177.71.215,火狐通用协议
6626,tcp,54.230.21.85,58514,443,10.177.71.215,火狐通用协议
6664,udp,202.120.224.26,49782,53,10.177.71.215,DNS
6668,tcp,20.189.173.3,58522,443,10.177.71.215,Windows自动更新
6698,udp,202.120.224.26,56964,53,10.177.71.215,DNS
6736,udp,202.120.224.26,53761,53,10.177.71.215,DNS
6740,udp,61.129.42.6,61506,53,10.177.71.215,DNS
6750,tcp,104.208.16.88,58561,443,10.177.71.215,Microsoft通用协议
6751,tcp,51.132.193.104,58575,443,10.177.71.215,Microsoft通用协议
6752,udp,202.120.224.26,61506,53,10.177.71.215,DNS
6763,udp,202.120.224.26,55854,53,10.177.71.215,DNS
6769,udp,202.120.224.26,56301,53,10.177.71.215,DNS
6776,udp,202.120.224.26,55758,53,10.177.71.215,DNS
6838,udp,202.120.224.26,64887,53,10.177.71.215,DNS
6943,tcp,104.208.16.88,58589,443,10.177.71.215,Microsoft通用协议
6978,tcp,104.208.16.88,58588,443,10.177.71.215,Microsoft通用协议
6986,tcp,52.109.44.44,58362,443,10.177.71.215,Microsoft_Office
6990,tcp,52.109.44.44,58354,443,10.177.71.215,Microsoft_Office
7003,tcp,52.109.44.44,58355,443,10.177.71.215,Microsoft_Office
7018,tcp,52.109.44.44,58363,443,10.177.71.215,Microsoft_Office
7071,tcp,13.107.13.93,58580,443,10.177.71.215,Microsoft通用协议
7109,tcp,202.160.129.36,58558,443,10.177.71.215,TCP三次握手
7116,tcp,202.160.129.36,58560,443,10.177.71.215,TCP三次握手
7174,udp,202.120.224.26,61413,53,10.177.71.215,DNS
7199,tcp,20.189.173.3,58594,443,10.177.71.215,Windows自动更新
7320,tcp,54.230.21.33,58579,443,10.177.71.215,火狐通用协议
7339,tcp,54.230.21.33,58581,443,10.177.71.215,火狐通用协议
7343,tcp,117.18.232.200,58586,443,10.177.71.215,Microsoft通用协议
7363,tcp,117.18.232.200,58585,443,10.177.71.215,Microsoft通用协议
7501,tcp,117.18.232.200,58600,443,10.177.71.215,Microsoft通用协议
8021,tcp,222.199.191.48,58663,443,10.177.71.215,百度翻译
8038,tcp,222.199.191.36,58652,443,10.177.71.215,百度
8052,tcp,222.199.191.36,58646,443,10.177.71.215,百度
8069,tcp,222.199.191.36,58649,443,10.177.71.215,百度
8446,udp,202.120.224.26,64843,53,10.177.71.215,DNS
8459,udp,202.120.224.26,57581,53,10.177.71.215,DNS
8473,udp,202.120.224.26,53414,53,10.177.71.215,DNS
8564,udp,202.120.224.26,60118,53,10.177.71.215,DNS
8586,udp,202.120.224.26,63861,53,10.177.71.215,DNS
8588,udp,202.120.224.26,60074,53,10.177.71.215,DNS
8611,udp,202.120.224.26,55050,53,10.177.71.215,DNS
8614,udp,202.120.224.26,55202,53,10.177.71.215,DNS
8628,udp,202.120.224.26,51829,53,10.177.71.215,DNS
8630,udp,202.120.224.26,57754,53,10.177.71.215,DNS
8637,udp,202.120.224.26,58029,53,10.177.71.215,DNS
8657,udp,202.120.224.26,62046,53,10.177.71.215,DNS
8658,udp,202.120.224.26,52447,53,10.177.71.215,DNS
8661,udp,202.120.224.26,56398,53,10.177.71.215,DNS
8669,udp,202.120.224.26,55256,53,10.177.71.215,DNS
8672,udp,202.120.224.26,58453,53,10.177.71.215,DNS
8675,tcp,59.78.173.35,58650,443,10.177.71.215,HTTPS
8677,udp,202.120.224.26,55386,53,10.177.71.215,DNS
8680,udp,202.120.224.26,49635,53,10.177.71.215,DNS
8682,udp,202.120.224.26,56549,53,10.177.71.215,DNS
8684,udp,202.120.224.26,54686,53,10.177.71.215,DNS
8702,udp,202.120.224.26,64132,53,10.177.71.215,DNS
8707,udp,202.120.224.26,55526,53,10.177.71.215,DNS
8713,udp,202.120.224.26,63950,53,10.177.71.215,DNS
8721,udp,202.120.224.26,56816,53,10.177.71.215,DNS
8725,udp,202.120.224.26,64825,53,10.177.71.215,DNS
8726,udp,202.120.224.26,58748,53,10.177.71.215,DNS
8727,udp,202.120.224.26,55867,53,10.177.71.215,DNS
8732,udp,202.120.224.26,57589,53,10.177.71.215,DNS
8739,udp,202.120.224.26,51320,53,10.177.71.215,DNS
8741,udp,202.120.224.26,49552,53,10.177.71.215,DNS
8743,udp,202.120.224.26,49218,53,10.177.71.215,DNS
8751,tcp,122.205.109.36,58654,443,10.177.71.215,百度
8756,udp,202.120.224.26,54437,53,10.177.71.215,DNS
8768,udp,202.120.224.26,62711,53,10.177.71.215,DNS
8777,tcp,222.199.191.36,58658,443,10.177.71.215,百度智能云
8780,udp,202.120.224.26,50055,53,10.177.71.215,DNS
8800,udp,202.120.224.26,53893,53,10.177.71.215,DNS
8801,udp,202.120.224.26,65463,53,10.177.71.215,DNS
8813,udp,202.120.224.26,51089,53,10.177.71.215,DNS
8817,udp,202.120.224.26,51241,53,10.177.71.215,DNS
8857,udp,202.120.224.26,62914,53,10.177.71.215,DNS
8871,udp,202.120.224.26,52535,53,10.177.71.215,DNS
8886,udp,202.120.224.26,65415,53,10.177.71.215,DNS
8905,udp,202.120.224.26,52660,53,10.177.71.215,DNS
8911,tcp,222.199.191.48,58708,443,10.177.71.215,百度图片
8938,udp,202.120.224.26,56631,53,10.177.71.215,DNS
8957,udp,202.120.224.26,54736,53,10.177.71.215,DNS
8982,udp,202.120.224.26,52881,53,10.177.71.215,DNS
9000,udp,202.120.224.26,51013,53,10.177.71.215,DNS
9051,udp,202.120.224.26,55204,53,10.177.71.215,DNS
9137,udp,202.120.224.26,57974,53,10.177.71.215,DNS
9174,udp,202.120.224.26,50422,53,10.177.71.215,DNS
9233,udp,202.120.224.26,52168,53,10.177.71.215,DNS
9258,udp,202.120.224.26,55023,53,10.177.71.215,DNS
9272,udp,202.120.224.26,50486,53,10.177.71.215,DNS
9290,udp,202.120.224.26,60785,53,10.177.71.215,DNS
9302,udp,202.120.224.26,55415,53,10.177.71.215,DNS
9338,udp,202.120.224.26,54337,53,10.177.71.215,DNS
9372,tcp,180.163.151.161,58673,443,10.177.71.215,谷歌通用协议
9389,tcp,54.230.21.65,58627,443,10.177.71.215,火狐通用协议
9394,tcp,54.230.21.65,58628,443,10.177.71.215,火狐通用协议
9409,udp,202.120.224.26,59959,53,10.177.71.215,DNS
9416,udp,61.129.42.6,55023,53,10.177.71.215,DNS
9427,udp,202.120.224.26,61401,53,10.177.71.215,DNS
9445,udp,202.120.224.26,59035,53,10.177.71.215,DNS
9448,udp,202.120.224.26,51728,53,10.177.71.215,DNS
9451,udp,202.120.224.26,51343,53,10.177.71.215,DNS
9461,tcp,59.78.173.35,58723,443,10.177.71.215,百度统计
9476,udp,202.120.224.26,51489,53,10.177.71.215,DNS
9479,udp,202.120.224.26,52358,53,10.177.71.215,DNS
9488,udp,202.120.224.26,59660,53,10.177.71.215,DNS
9489,udp,202.120.224.26,50384,53,10.177.71.215,DNS
9490,tcp,121.194.10.213,58727,443,10.177.71.215,CSDN
9494,udp,202.120.224.26,53437,53,10.177.71.215,DNS
9497,udp,202.120.224.26,51543,53,10.177.71.215,DNS
9500,udp,202.120.224.26,57950,53,10.177.71.215,DNS
9523,udp,202.120.224.26,60087,53,10.177.71.215,DNS
9541,tcp,120.46.209.149,58733,443,10.177.71.215,CSDN
9547,tcp,121.194.10.213,58728,443,10.177.71.215,CSDN
9550,tcp,180.163.151.161,58720,443,10.177.71.215,谷歌通用协议
9562,tcp,121.194.10.213,58722,443,10.177.71.215,HTTPS
9565,tcp,198.175.113.248,58598,9080,10.177.71.215,SSH
9566,udp,202.120.224.26,60060,53,10.177.71.215,DNS
9568,udp,202.120.224.26,54316,53,10.177.71.215,DNS
9571,tcp,121.194.10.213,58721,443,10.177.71.215,HTTPS
9597,udp,202.120.224.26,64164,53,10.177.71.215,DNS
9604,udp,202.120.224.26,53914,53,10.177.71.215,DNS
9631,tcp,122.205.109.36,58701,443,10.177.71.215,百度
9649,tcp,59.78.173.35,58709,443,10.177.71.215,百度智能云
9655,udp,202.120.224.26,62014,53,10.177.71.215,DNS
9661,tcp,50.116.102.111,58689,443,10.177.71.215,HTTPS
9662,udp,202.120.224.26,51509,53,10.177.71.215,DNS
9705,udp,202.120.224.26,53074,53,10.177.71.215,DNS
9707,udp,202.120.224.26,52648,53,10.177.71.215,DNS
9723,tcp,222.199.191.48,58707,443,10.177.71.215,百度图片
9741,tcp,120.46.209.149,58743,443,10.177.71.215,CSDN
9747,udp,202.120.224.26,61667,53,10.177.71.215,DNS
9753,tcp,120.46.209.149,58738,443,10.177.71.215,CSDN
9757,tcp,120.46.209.149,58746,443,10.177.71.215,CSDN
9761,tcp,120.46.209.149,58749,443,10.177.71.215,CSDN
9762,tcp,120.46.209.149,58750,443,10.177.71.215,CSDN
9768,tcp,122.205.109.36,58705,443,10.177.71.215,百度
9780,tcp,50.116.102.111,58691,443,10.177.71.215,HTTPS
9790,tcp,50.116.102.111,58688,443,10.177.71.215,HTTPS
9791,tcp,50.116.102.111,58690,443,10.177.71.215,HTTPS
9792,tcp,121.194.10.213,58744,443,10.177.71.215,CSDN
9798,udp,202.120.224.26,61809,53,10.177.71.215,DNS
9800,udp,202.120.224.26,52800,53,10.177.71.215,DNS
9864,tcp,182.61.200.239,58706,443,10.177.71.215,百度
9882,udp,180.163.151.161,60786,443,10.177.71.215,QUIC
9927,tcp,104.208.16.88,58562,443,10.177.71.215,Microsoft通用协议
9970,udp,61.129.42.6,58097,53,10.177.71.215,DNS
9992,tcp,42.81.62.31,58714,443,10.177.71.215,CSDN
9994,udp,202.120.224.26,61604,53,10.177.71.215,DNS
10018,udp,202.120.224.26,49974,53,10.177.71.215,DNS
10039,udp,202.120.224.26,54820,53,10.177.71.215,DNS
10053,udp,202.120.224.26,54888,53,10.177.71.215,DNS
10057,udp,202.120.224.26,55723,53,10.177.71.215,DNS
10064,udp,202.120.224.26,65217,53,10.177.71.215,DNS
10081,udp,202.120.224.26,63131,53,10.177.71.215,DNS
10082,udp,202.120.224.26,54137,53,10.177.71.215,DNS
10088,udp,61.129.42.6,54820,53,10.177.71.215,DNS
10096,udp,202.120.224.26,58097,53,10.177.71.215,DNS
10139,udp,202.120.224.26,65474,53,10.177.71.215,DNS
10154,udp,202.120.224.26,62892,53,10.177.71.215,DNS
10160,udp,202.120.224.26,60586,53,10.177.71.215,DNS
10174,udp,202.120.224.26,65306,53,10.177.71.215,DNS
10184,udp,202.120.224.26,64703,53,10.177.71.215,DNS
10189,udp,202.120.224.26,56688,53,10.177.71.215,DNS
10196,udp,202.120.224.26,57450,53,10.177.71.215,DNS
10208,udp,202.120.224.26,65392,53,10.177.71.215,DNS
10212,udp,202.120.224.26,57502,53,10.177.71.215,DNS
10220,udp,202.120.224.26,56395,53,10.177.71.215,DNS
10227,udp,202.120.224.26,51868,53,10.177.71.215,DNS
10237,udp,202.120.224.26,63573,53,10.177.71.215,DNS
10242,udp,202.120.224.26,49219,53,10.177.71.215,DNS
10247,udp,202.120.224.26,54723,53,10.177.71.215,DNS
10255,udp,202.120.224.26,54783,53,10.177.71.215,DNS
10258,udp,202.120.224.26,63480,53,10.177.71.215,DNS
10260,udp,202.120.224.26,49961,53,10.177.71.215,DNS
10262,udp,202.120.224.26,58352,53,10.177.71.215,DNS
10272,udp,202.120.224.26,51388,53,10.177.71.215,DNS
10279,tcp,36.25.241.89,58726,443,10.177.71.215,CSDN
10280,udp,202.120.224.26,58465,53,10.177.71.215,DNS
10284,udp,202.120.224.26,65291,53,10.177.71.215,DNS
10287,tcp,121.194.10.213,58730,443,10.177.71.215,CSDN
10293,udp,202.120.224.26,58016,53,10.177.71.215,DNS
10299,udp,202.120.224.26,52089,53,10.177.71.215,DNS
10301,udp,202.120.224.26,51329,53,10.177.71.215,DNS
10302,udp,202.120.224.26,64159,53,10.177.71.215,DNS
10313,tcp,59.78.173.35,58684,443,10.177.71.215,百度智能云
10315,tcp,121.194.10.213,58731,443,10.177.71.215,CSDN
10321,tcp,121.194.10.213,58729,443,10.177.71.215,CSDN
10325,udp,202.120.224.26,52061,53,10.177.71.215,DNS
10328,udp,202.120.224.26,61277,53,10.177.71.215,DNS
10333,udp,202.120.224.26,57892,53,10.177.71.215,DNS
10334,tcp,44.240.24.56,58530,443,10.177.71.215,火狐通用协议
10339,tcp,44.240.24.56,58529,443,10.177.71.215,火狐通用协议
10340,udp,202.120.224.26,59028,53,10.177.71.215,DNS
10347,udp,202.120.224.26,63782,53,10.177.71.215,DNS
10349,udp,202.120.224.26,58963,53,10.177.71.215,DNS
10351,udp,202.120.224.26,60095,53,10.177.71.215,DNS
10362,udp,202.120.224.26,59059,53,10.177.71.215,DNS
10363,udp,202.120.224.26,50086,53,10.177.71.215,DNS
10366,udp,202.120.224.26,55281,53,10.177.71.215,DNS
10368,udp,202.120.224.26,55142,53,10.177.71.215,DNS
10373,udp,202.120.224.26,60846,53,10.177.71.215,DNS
10374,udp,202.120.224.26,62268,53,10.177.71.215,DNS
10375,tcp,121.194.10.213,58732,443,10.177.71.215,CSDN
10378,udp,202.120.224.26,57216,53,10.177.71.215,DNS
10383,udp,202.120.224.26,63508,53,10.177.71.215,DNS
10384,udp,202.120.224.26,57830,53,10.177.71.215,DNS
10392,tcp,36.25.241.89,58736,443,10.177.71.215,CSDN
10394,udp,202.120.224.26,63477,53,10.177.71.215,DNS
10395,tcp,104.208.16.88,58566,443,10.177.71.215,Microsoft通用协议
10411,tcp,122.205.109.36,58704,443,10.177.71.215,百度
10413,udp,202.120.224.26,61155,53,10.177.71.215,DNS
10429,tcp,36.25.241.89,58751,443,10.177.71.215,CSDN
10431,udp,202.120.224.26,60466,53,10.177.71.215,DNS
10433,udp,202.120.224.26,50813,53,10.177.71.215,DNS
10438,tcp,50.116.102.111,58677,443,10.177.71.215,HTTPS
10446,tcp,122.205.109.36,58700,443,10.177.71.215,百度
10452,tcp,104.208.16.88,58757,443,10.177.71.215,Microsoft通用协议
10460,tcp,122.205.109.36,58702,443,10.177.71.215,百度
10463,tcp,122.205.109.36,58699,443,10.177.71.215,百度
10469,udp,202.120.224.26,49537,53,10.177.71.215,DNS
10473,tcp,122.205.109.36,58703,443,10.177.71.215,百度
10476,udp,202.120.224.26,62773,53,10.177.71.215,DNS
10502,udp,202.120.224.26,62212,53,10.177.71.215,DNS
10573,udp,202.120.224.26,58599,53,10.177.71.215,DNS
10605,tcp,50.116.102.111,58682,443,10.177.71.215,HTTPS
10606,tcp,50.116.102.111,58683,443,10.177.71.215,HTTPS
10613,tcp,50.116.102.111,58675,443,10.177.71.215,HTTPS
10626,tcp,13.107.13.93,58412,443,10.177.71.215,Microsoft通用协议
10634,tcp,50.116.102.111,58680,443,10.177.71.215,HTTPS
10648,udp,202.120.224.26,64248,53,10.177.71.215,DNS
10654,tcp,13.107.42.18,58553,443,10.177.71.215,VSCode
10666,tcp,50.116.102.111,58681,443,10.177.71.215,HTTPS
10767,tcp,35.80.246.195,58527,443,10.177.71.215,火狐通用协议
10833,udp,202.120.224.26,64182,53,10.177.71.215,DNS
10834,udp,202.120.224.26,49532,53,10.177.71.215,DNS
10844,udp,202.120.224.26,49546,53,10.177.71.215,DNS
10858,udp,202.120.224.26,61182,53,10.177.71.215,DNS
10874,tcp,202.120.224.58,58668,443,10.177.71.215,SSL
10878,udp,202.120.224.26,49437,53,10.177.71.215,DNS
10879,tcp,202.120.224.58,58669,443,10.177.71.215,HTTPS
10883,udp,202.120.224.26,52026,53,10.177.71.215,DNS
10907,udp,202.120.224.26,64251,53,10.177.71.215,DNS
10923,udp,61.129.42.6,55974,53,10.177.71.215,DNS
10937,tcp,34.149.100.209,58763,443,10.177.71.215,火狐通用协议
10950,udp,202.120.224.26,51470,53,10.177.71.215,DNS
10967,udp,202.120.224.26,57165,53,10.177.71.215,DNS
10968,tcp,20.43.132.130,58415,443,10.177.71.215,VSCode
10975,udp,61.129.42.6,57165,53,10.177.71.215,DNS
10976,udp,202.120.224.26,55974,53,10.177.71.215,DNS
11024,udp,34.107.141.31,59692,443,10.177.71.215,QUIC
11232,tcp,99.84.140.75,58716,443,10.177.71.215,谷歌数据统计
11592,tcp,182.61.200.130,58679,443,10.177.71.215,百度网盘
11609,tcp,180.101.49.192,58666,443,10.177.71.215,百度网盘
11621,tcp,182.61.200.56,58697,443,10.177.71.215,百度
11634,tcp,180.101.49.192,58662,443,10.177.71.215,百度网盘
11654,tcp,182.61.200.239,58694,443,10.177.71.215,百度
11661,tcp,182.61.200.239,58696,443,10.177.71.215,百度
11684,tcp,47.95.182.167,58747,443,10.177.71.215,CSDN
11685,tcp,182.61.200.239,58698,443,10.177.71.215,百度
11867,tcp,182.61.62.49,58742,443,10.177.71.215,百度
11889,tcp,182.61.200.239,58693,443,10.177.71.215,百度
12210,tcp,222.192.187.168,58073,443,10.177.71.215,爱快云平台
12460,tcp,20.198.162.78,57807,443,10.177.71.215,OneDrive
12557,tcp,151.101.76.176,58834,443,10.177.71.215,TCP三次握手
12737,udp,202.120.224.26,55332,53,10.177.71.215,DNS
12758,udp,61.129.42.6,57605,53,10.177.71.215,DNS
12766,udp,202.120.224.26,58590,53,10.177.71.215,DNS
12768,udp,61.129.42.6,58590,53,10.177.71.215,DNS
12775,udp,202.120.224.26,57605,53,10.177.71.215,DNS
12849,tcp,151.101.76.176,58838,443,10.177.71.215,HTTPS
12866,udp,202.120.224.26,52498,53,10.177.71.215,DNS
12867,udp,202.120.224.26,62420,53,10.177.71.215,DNS
12878,udp,202.120.224.26,57855,53,10.177.71.215,DNS
12884,udp,202.120.224.26,64316,53,10.177.71.215,DNS
12896,udp,202.120.224.26,56407,53,10.177.71.215,DNS
12897,udp,202.120.224.26,56595,53,10.177.71.215,DNS
12900,udp,202.120.224.26,56403,53,10.177.71.215,DNS
12905,udp,202.120.224.26,61603,53,10.177.71.215,DNS
12906,udp,61.129.42.6,52079,53,10.177.71.215,DNS
12909,udp,202.120.224.26,52079,53,10.177.71.215,DNS
12917,udp,61.129.42.6,57855,53,10.177.71.215,DNS
12967,udp,61.129.42.6,62420,53,10.177.71.215,DNS
12994,udp,61.129.42.6,56403,53,10.177.71.215,DNS
13087,udp,61.129.42.6,54644,53,10.177.71.215,DNS
13092,udp,202.120.224.26,53554,53,10.177.71.215,DNS
13094,udp,202.120.224.26,53884,53,10.177.71.215,DNS
13104,udp,202.120.224.26,54644,53,10.177.71.215,DNS
13116,udp,202.120.224.26,59939,53,10.177.71.215,DNS
13126,udp,61.129.42.6,53884,53,10.177.71.215,DNS
13143,udp,61.129.42.6,53554,53,10.177.71.215,DNS
13161,udp,202.120.224.26,52001,53,10.177.71.215,DNS
13178,udp,202.120.224.26,59655,53,10.177.71.215,DNS
13186,udp,61.129.42.6,52001,53,10.177.71.215,DNS
13194,udp,202.120.224.26,51471,53,10.177.71.215,DNS
13223,tcp,182.61.200.7,58641,443,10.177.71.215,百度
13383,tcp,222.199.191.48,58664,443,10.177.71.215,百度翻译
13409,tcp,222.199.191.36,58644,443,10.177.71.215,百度
13424,tcp,222.199.191.38,58655,443,10.177.71.215,百度
13611,tcp,222.199.191.36,58647,443,10.177.71.215,百度
13625,tcp,222.199.191.36,58648,443,10.177.71.215,百度
13646,tcp,122.205.109.36,58645,443,10.177.71.215,百度
13685,tcp,49.4.45.146,58741,443,10.177.71.215,CSDN
13748,tcp,49.4.45.146,58740,443,10.177.71.215,CSDN
13842,tcp,23.200.74.8,58519,80,10.177.71.215,OCSP
13860,tcp,222.199.191.38,58685,443,10.177.71.215,HTTPS
14117,udp,202.120.224.26,49895,53,10.177.71.215,DNS
14189,udp,61.129.42.6,55533,53,10.177.71.215,DNS
14225,udp,202.120.224.26,55533,53,10.177.71.215,DNS
14271,udp,202.120.224.26,53235,53,10.177.71.215,DNS
14291,tcp,182.61.200.7,58638,443,10.177.71.215,百度
14350,udp,34.149.100.209,64252,443,10.177.71.215,QUIC
14457,tcp,182.61.200.6,58671,443,10.177.71.215,百度
14661,tcp,182.61.200.7,58660,443,10.177.71.215,百度
14718,tcp,182.61.200.56,58695,443,10.177.71.215,百度
15113,udp,202.120.224.26,52994,53,10.177.71.215,DNS
15733,tcp,58.205.221.201,58639,80,10.177.71.215,OCSP
15783,tcp,59.78.173.35,58653,443,10.177.71.215,HTTPS
15787,tcp,58.205.221.201,58643,80,10.177.71.215,OCSP
15821,tcp,61.147.232.38,58657,80,10.177.71.215,OCSP
15884,tcp,203.208.40.98,58674,80,10.177.71.215,OCSP
15934,tcp,222.199.191.35,58686,443,10.177.71.215,HTTPS
15952,tcp,59.78.173.35,58651,443,10.177.71.215,HTTPS
15964,tcp,34.107.141.31,58531,443,10.177.71.215,火狐通用协议
15976,tcp,59.78.173.35,58656,443,10.177.71.215,好看视频
16047,tcp,54.201.215.5,58844,443,10.177.71.215,HTTPS
16102,tcp,34.117.237.239,58515,443,10.177.71.215,火狐通用协议
16105,tcp,34.117.65.55,58523,443,10.177.71.215,火狐通用协议
16116,tcp,34.120.208.123,58517,443,10.177.71.215,火狐通用协议
16133,tcp,152.195.38.76,58719,80,10.177.71.215,OCSP
16148,tcp,152.195.38.76,58532,80,10.177.71.215,OCSP
16184,tcp,34.107.221.82,58518,80,10.177.71.215,火狐通用协议
16194,tcp,34.107.221.82,58513,80,10.177.71.215,火狐通用协议
16379,tcp,23.200.74.40,58764,80,10.177.71.215,OCSP
16450,udp,202.120.224.26,63280,53,10.177.71.215,DNS
16452,udp,202.120.224.26,61847,53,10.177.71.215,DNS
16476,udp,202.120.224.26,52110,53,10.177.71.215,DNS
16497,udp,202.120.224.26,65523,53,10.177.71.215,DNS
16551,tcp,13.107.42.12,58885,443,10.177.71.215,Microsoft通用协议
16684,tcp,13.107.42.12,58887,443,10.177.71.215,OneDrive
16952,udp,202.120.224.26,63092,53,10.177.71.215,DNS
17015,tcp,52.109.56.83,59028,443,10.177.71.215,Microsoft_Office
17097,tcp,52.89.203.90,58927,443,10.177.71.215,火狐通用协议
17379,tcp,23.7.163.44,58843,443,10.177.71.215,MailRu
17382,tcp,23.7.163.44,58842,443,10.177.71.215,MailRu
17392,tcp,152.195.38.76,58521,80,10.177.71.215,OCSP
17443,tcp,115.231.186.132,58724,443,10.177.71.215,HTTPS
17444,tcp,121.194.10.213,58717,443,10.177.71.215,HTTPS
17555,tcp,20.197.71.89,58880,443,10.177.71.215,OneDrive
17556,tcp,13.107.42.12,58360,443,10.177.71.215,SSL
17557,tcp,120.46.209.149,58734,443,10.177.71.215,CSDN
17558,tcp,20.189.173.1,58862,443,10.177.71.215,Microsoft通用协议
17559,tcp,52.89.68.105,59082,443,10.177.71.215,HTTPS
17560,tcp,34.160.144.191,58767,443,10.177.71.215,火狐通用协议
17561,tcp,120.46.209.149,58745,443,10.177.71.215,CSDN
17562,udp,202.120.224.26,56213,53,10.177.71.215,DNS
17563,tcp,35.244.181.201,58994,443,10.177.71.215,火狐通用协议
17564,tcp,120.46.209.149,58739,443,10.177.71.215,CSDN
17565,tcp,23.185.0.4,58826,443,10.177.71.215,HTTPS
17566,tcp,99.84.140.81,58787,443,10.177.71.215,谷歌数据统计
17567,tcp,117.147.212.164,58737,443,10.177.71.215,CSDN
17568,tcp,151.101.76.176,58831,443,10.177.71.215,HTTPS
17569,tcp,35.186.227.140,58534,443,10.177.71.215,火狐通用协议
17570,tcp,23.200.74.241,58830,443,10.177.71.215,MailRu
17571,udp,61.129.42.6,56213,53,10.177.71.215,DNS
17572,tcp,34.149.100.209,58795,443,10.177.71.215,火狐通用协议
17573,tcp,13.107.42.12,58357,443,10.177.71.215,SSL
17574,tcp,52.182.143.211,58928,443,10.177.71.215,Microsoft通用协议
17575,tcp,20.197.71.89,57155,443,10.177.71.215,OneDrive
17576,tcp,34.117.65.55,58526,443,10.177.71.215,火狐通用协议
17577,tcp,20.197.71.89,57167,443,10.177.71.215,OneDrive
17578,tcp,152.195.38.76,58996,80,10.177.71.215,OCSP
