,protocol,dst_addr,src_port,dst_port,forward_addr,app_name
80,tcp,106.180.225.76,57709,23153,10.177.71.215,HTTPS
95,tcp,175.27.4.102,57689,80,10.177.71.215,微信消息
107,tcp,106.180.225.76,57284,23153,10.177.71.215,HTTPS
265,tcp,175.27.4.102,57730,80,10.177.71.215,微信消息
364,tcp,106.180.225.76,57784,23153,10.177.71.215,HTTPS
373,tcp,175.27.4.102,57769,80,10.177.71.215,微信消息
552,tcp,175.27.4.102,57795,80,10.177.71.215,微信消息
568,udp,202.120.224.26,2002,53,10.177.71.215,DNS
650,tcp,106.180.225.76,57834,23153,10.177.71.215,HTTPS
678,tcp,175.27.4.102,57822,80,10.177.71.215,微信消息
847,tcp,175.27.4.102,57847,80,10.177.71.215,微信消息
859,tcp,202.120.224.58,57885,443,10.177.71.215,HTTPS
873,tcp,202.120.224.58,57884,443,10.177.71.215,HTTPS
916,tcp,106.180.225.76,57541,23153,10.177.71.215,HTTPS
952,tcp,106.180.225.76,57904,23153,10.177.71.215,HTTPS
985,udp,202.120.224.26,62935,53,10.177.71.215,DNS
1036,tcp,175.27.4.102,57886,80,10.177.71.215,微信消息
1083,tcp,106.180.225.76,57403,23153,10.177.71.215,HTTPS
1193,tcp,175.27.4.102,57915,80,10.177.71.215,微信消息
1321,tcp,106.180.225.76,57960,23153,10.177.71.215,HTTPS
1400,tcp,43.137.191.78,57973,80,10.177.71.215,微信消息
1401,tcp,175.27.4.102,57943,80,10.177.71.215,微信消息
1513,udp,202.120.224.26,36006,53,10.177.71.215,DNS
1515,tcp,110.242.70.52,57505,80,10.177.71.215,百度网盘
1519,udp,202.120.224.26,38361,53,10.177.71.215,DNS
1552,tcp,175.27.4.102,57972,80,10.177.71.215,微信消息
1630,tcp,106.180.225.76,57998,23153,10.177.71.215,HTTPS
1706,tcp,106.180.225.76,58009,23153,10.177.71.215,HTTPS
1733,tcp,18.164.154.93,57639,443,10.177.71.215,HTTPS
1759,tcp,175.27.4.102,57995,80,10.177.71.215,微信消息
1834,tcp,124.236.26.170,57425,443,10.177.71.215,SSL
1913,tcp,175.27.4.102,58017,80,10.177.71.215,微信消息
1986,tcp,106.180.225.76,58055,23153,10.177.71.215,HTTPS
2069,tcp,175.27.4.102,58043,80,10.177.71.215,微信消息
2116,tcp,198.175.113.248,53255,9080,10.177.71.215,SSH
2268,tcp,175.27.4.102,58065,80,10.177.71.215,微信消息
2281,tcp,106.180.225.76,57443,23153,10.177.71.215,HTTPS
2374,tcp,106.180.225.76,58096,23153,10.177.71.215,HTTPS
2404,tcp,175.27.4.102,58085,80,10.177.71.215,微信消息
2570,tcp,175.27.4.102,58105,80,10.177.71.215,微信消息
2685,tcp,106.180.225.76,58133,23153,10.177.71.215,HTTPS
2758,tcp,106.180.225.76,58139,23153,10.177.71.215,HTTPS
2779,tcp,175.27.4.102,58122,80,10.177.71.215,微信消息
2816,tcp,106.180.225.76,57845,23153,10.177.71.215,HTTPS
2826,tcp,106.180.225.76,57849,23153,10.177.71.215,HTTPS
2860,tcp,182.61.200.162,58029,443,10.177.71.215,百度网盘
2914,tcp,175.27.4.102,58169,80,10.177.71.215,微信消息
2945,tcp,175.27.4.102,58144,80,10.177.71.215,微信消息
2984,tcp,110.242.70.52,57630,80,10.177.71.215,百度网盘
3040,tcp,106.180.225.76,58181,23153,10.177.71.215,HTTPS
3069,tcp,198.175.113.248,58071,9080,10.177.71.215,SSH
3150,tcp,43.137.191.78,58190,80,10.177.71.215,微信消息
3152,tcp,106.180.225.76,57396,23153,10.177.71.215,HTTPS
3245,tcp,1.12.12.12,58207,443,10.177.71.215,HTTPS
3261,tcp,223.5.5.5,58209,443,10.177.71.215,DoH
3287,tcp,223.6.6.6,58208,443,10.177.71.215,DoH
3310,tcp,106.180.225.76,58206,23153,10.177.71.215,HTTPS
3330,tcp,175.27.4.102,58191,80,10.177.71.215,微信消息
3343,tcp,175.27.4.102,58192,80,10.177.71.215,微信消息
3425,tcp,223.6.6.6,58224,443,10.177.71.215,DoH
3539,tcp,223.5.5.5,58234,443,10.177.71.215,DoH
3544,tcp,106.180.225.76,58232,23153,10.177.71.215,HTTPS
3545,tcp,223.6.6.6,58235,443,10.177.71.215,DoH
3549,tcp,120.53.53.53,58233,443,10.177.71.215,HTTPS
3566,tcp,1.12.12.12,58243,443,10.177.71.215,HTTPS
3568,tcp,123.234.3.167,57965,443,10.177.71.215,哔哩哔哩动画
3569,tcp,223.5.5.5,58242,443,10.177.71.215,DoH
3571,udp,223.5.5.5,52725,53,10.177.71.215,DNS
3599,udp,114.114.114.114,59198,53,10.177.71.215,DNS
3602,udp,119.29.29.29,50289,53,10.177.71.215,DNS
3666,tcp,223.5.5.5,58258,443,10.177.71.215,DoH
3668,tcp,175.27.4.102,58215,80,10.177.71.215,微信消息
3669,tcp,223.6.6.6,58244,443,10.177.71.215,DoH
3685,tcp,223.6.6.6,58257,443,10.177.71.215,DoH
3686,tcp,120.53.53.53,58256,443,10.177.71.215,HTTPS
3692,udp,114.114.114.114,61400,53,10.177.71.215,DNS
3701,udp,223.5.5.5,49358,53,10.177.71.215,DNS
3703,tcp,1.12.12.12,58223,443,10.177.71.215,HTTPS
3707,udp,119.29.29.29,60032,53,10.177.71.215,DNS
3710,tcp,223.5.5.5,58222,443,10.177.71.215,DoH
3714,tcp,106.180.225.76,58261,23153,10.177.71.215,HTTPS
3759,udp,114.114.114.114,53274,53,10.177.71.215,DNS
3775,udp,223.5.5.5,61902,53,10.177.71.215,DNS
3786,udp,119.29.29.29,65187,53,10.177.71.215,DNS
3811,udp,223.5.5.5,56939,53,10.177.71.215,DNS
3822,udp,119.29.29.29,60544,53,10.177.71.215,DNS
3830,udp,114.114.114.114,65534,53,10.177.71.215,DNS
3874,tcp,175.27.4.102,58251,80,10.177.71.215,微信消息
3973,udp,114.114.114.114,59143,53,10.177.71.215,DNS
4027,udp,119.29.29.29,60624,53,10.177.71.215,DNS
4037,udp,223.5.5.5,63554,53,10.177.71.215,DNS
4371,tcp,106.180.225.76,58287,23153,10.177.71.215,HTTPS
4776,tcp,175.27.4.102,58277,80,10.177.71.215,微信消息
4790,tcp,106.180.225.76,58335,23153,10.177.71.215,HTTPS
4816,tcp,106.180.225.76,58305,23153,10.177.71.215,HTTPS
4826,tcp,106.180.225.76,58323,23153,10.177.71.215,HTTPS
4831,tcp,106.180.225.76,58298,23153,10.177.71.215,HTTPS
4857,tcp,106.180.225.76,58309,23153,10.177.71.215,HTTPS
4861,tcp,106.180.225.76,58299,23153,10.177.71.215,HTTPS
4923,tcp,198.175.113.248,58163,9080,10.177.71.215,SSH
4960,tcp,106.180.225.76,58351,23153,10.177.71.215,HTTPS
4965,tcp,106.180.225.76,58363,23153,10.177.71.215,HTTPS
4970,tcp,106.180.225.76,58377,23153,10.177.71.215,HTTPS
4971,tcp,106.180.225.76,58317,23153,10.177.71.215,HTTPS
4976,tcp,106.180.225.76,58359,23153,10.177.71.215,HTTPS
4982,tcp,106.180.225.76,58313,23153,10.177.71.215,HTTPS
4995,tcp,106.180.225.76,58321,23153,10.177.71.215,HTTPS
4998,tcp,106.180.225.76,58339,23153,10.177.71.215,HTTPS
5000,tcp,106.180.225.76,58329,23153,10.177.71.215,HTTPS
5010,tcp,106.180.225.76,58357,23153,10.177.71.215,HTTPS
5012,tcp,106.180.225.76,58307,23153,10.177.71.215,HTTPS
5016,tcp,106.180.225.76,58341,23153,10.177.71.215,HTTPS
5018,tcp,106.180.225.76,58333,23153,10.177.71.215,HTTPS
5027,tcp,106.180.225.76,58337,23153,10.177.71.215,HTTPS
5030,tcp,106.180.225.76,58369,23153,10.177.71.215,HTTPS
5034,tcp,106.180.225.76,58311,23153,10.177.71.215,HTTPS
5038,tcp,106.180.225.76,58367,23153,10.177.71.215,HTTPS
5046,tcp,106.180.225.76,58303,23153,10.177.71.215,HTTPS
5047,tcp,106.180.225.76,58365,23153,10.177.71.215,HTTPS
5049,tcp,106.180.225.76,58353,23153,10.177.71.215,HTTPS
5054,tcp,106.180.225.76,58331,23153,10.177.71.215,HTTPS
5066,tcp,106.180.225.76,58343,23153,10.177.71.215,HTTPS
5070,tcp,106.180.225.76,58325,23153,10.177.71.215,HTTPS
5071,tcp,106.180.225.76,58315,23153,10.177.71.215,HTTPS
5079,tcp,106.180.225.76,58327,23153,10.177.71.215,HTTPS
5084,tcp,106.180.225.76,58431,23153,10.177.71.215,HTTPS
5089,tcp,106.180.225.76,58441,23153,10.177.71.215,HTTPS
5090,tcp,106.180.225.76,58302,23153,10.177.71.215,HTTPS
5092,tcp,106.180.225.76,58375,23153,10.177.71.215,HTTPS
5093,tcp,106.180.225.76,58447,23153,10.177.71.215,HTTPS
5094,tcp,106.180.225.76,58361,23153,10.177.71.215,HTTPS
5096,tcp,106.180.225.76,58355,23153,10.177.71.215,HTTPS
5114,tcp,106.180.225.76,58349,23153,10.177.71.215,HTTPS
5127,tcp,106.180.225.76,58319,23153,10.177.71.215,HTTPS
5131,tcp,106.180.225.76,58519,23153,10.177.71.215,HTTPS
5132,tcp,106.180.225.76,58461,23153,10.177.71.215,HTTPS
5133,tcp,106.180.225.76,58393,23153,10.177.71.215,HTTPS
5135,tcp,106.180.225.76,58419,23153,10.177.71.215,HTTPS
5136,tcp,106.180.225.76,58379,23153,10.177.71.215,HTTPS
5137,tcp,106.180.225.76,58551,23153,10.177.71.215,HTTPS
5138,tcp,106.180.225.76,58485,23153,10.177.71.215,HTTPS
5139,tcp,106.180.225.76,58491,23153,10.177.71.215,HTTPS
5140,tcp,106.180.225.76,58443,23153,10.177.71.215,HTTPS
5142,tcp,106.180.225.76,58435,23153,10.177.71.215,HTTPS
5144,tcp,106.180.225.76,58407,23153,10.177.71.215,HTTPS
5145,tcp,106.180.225.76,58505,23153,10.177.71.215,HTTPS
5146,tcp,106.180.225.76,58477,23153,10.177.71.215,HTTPS
5147,tcp,106.180.225.76,58409,23153,10.177.71.215,HTTPS
5149,tcp,106.180.225.76,58501,23153,10.177.71.215,HTTPS
5150,tcp,106.180.225.76,58385,23153,10.177.71.215,HTTPS
5152,tcp,106.180.225.76,58405,23153,10.177.71.215,HTTPS
5153,tcp,106.180.225.76,58543,23153,10.177.71.215,HTTPS
5154,tcp,106.180.225.76,58390,23153,10.177.71.215,HTTPS
5155,tcp,106.180.225.76,58535,23153,10.177.71.215,HTTPS
5156,tcp,106.180.225.76,58497,23153,10.177.71.215,HTTPS
5157,tcp,106.180.225.76,58513,23153,10.177.71.215,HTTPS
5159,tcp,106.180.225.76,58553,23153,10.177.71.215,HTTPS
5165,tcp,106.180.225.76,58495,23153,10.177.71.215,HTTPS
5166,tcp,106.180.225.76,58437,23153,10.177.71.215,HTTPS
5168,tcp,106.180.225.76,58463,23153,10.177.71.215,HTTPS
5169,tcp,106.180.225.76,58347,23153,10.177.71.215,HTTPS
5171,tcp,106.180.225.76,58557,23153,10.177.71.215,HTTPS
5173,tcp,106.180.225.76,58517,23153,10.177.71.215,HTTPS
5176,tcp,106.180.225.76,58525,23153,10.177.71.215,HTTPS
5179,tcp,106.180.225.76,58537,23153,10.177.71.215,HTTPS
5181,tcp,106.180.225.76,58531,23153,10.177.71.215,HTTPS
5182,tcp,106.180.225.76,58507,23153,10.177.71.215,HTTPS
5183,tcp,106.180.225.76,58391,23153,10.177.71.215,HTTPS
5184,tcp,106.180.225.76,58445,23153,10.177.71.215,HTTPS
5185,tcp,106.180.225.76,58567,23153,10.177.71.215,HTTPS
5186,tcp,106.180.225.76,58509,23153,10.177.71.215,HTTPS
5187,tcp,106.180.225.76,58523,23153,10.177.71.215,HTTPS
5188,tcp,106.180.225.76,58397,23153,10.177.71.215,HTTPS
5191,tcp,106.180.225.76,58471,23153,10.177.71.215,HTTPS
5192,tcp,106.180.225.76,58469,23153,10.177.71.215,HTTPS
5193,tcp,106.180.225.76,58493,23153,10.177.71.215,HTTPS
5194,tcp,106.180.225.76,58423,23153,10.177.71.215,HTTPS
5195,tcp,106.180.225.76,58511,23153,10.177.71.215,HTTPS
5197,tcp,106.180.225.76,58415,23153,10.177.71.215,HTTPS
5199,tcp,106.180.225.76,58345,23153,10.177.71.215,HTTPS
5200,tcp,106.180.225.76,58399,23153,10.177.71.215,HTTPS
5202,tcp,106.180.225.76,58387,23153,10.177.71.215,HTTPS
5203,tcp,106.180.225.76,58479,23153,10.177.71.215,HTTPS
5204,tcp,106.180.225.76,58489,23153,10.177.71.215,HTTPS
5205,tcp,106.180.225.76,58481,23153,10.177.71.215,HTTPS
5207,tcp,106.180.225.76,58473,23153,10.177.71.215,HTTPS
5209,tcp,106.180.225.76,58411,23153,10.177.71.215,HTTPS
5210,tcp,106.180.225.76,58569,23153,10.177.71.215,HTTPS
5211,tcp,106.180.225.76,58395,23153,10.177.71.215,HTTPS
5212,tcp,106.180.225.76,58421,23153,10.177.71.215,HTTPS
5213,tcp,106.180.225.76,58384,23153,10.177.71.215,HTTPS
5216,tcp,106.180.225.76,58381,23153,10.177.71.215,HTTPS
5218,tcp,106.180.225.76,58373,23153,10.177.71.215,HTTPS
5220,tcp,106.180.225.76,58467,23153,10.177.71.215,HTTPS
5222,tcp,106.180.225.76,58503,23153,10.177.71.215,HTTPS
5223,tcp,106.180.225.76,58417,23153,10.177.71.215,HTTPS
5224,tcp,106.180.225.76,58459,23153,10.177.71.215,HTTPS
5225,tcp,106.180.225.76,58425,23153,10.177.71.215,HTTPS
5226,tcp,106.180.225.76,58429,23153,10.177.71.215,HTTPS
5227,tcp,106.180.225.76,58413,23153,10.177.71.215,HTTPS
5228,tcp,106.180.225.76,58483,23153,10.177.71.215,HTTPS
5230,tcp,106.180.225.76,58433,23153,10.177.71.215,HTTPS
5234,tcp,106.180.225.76,58559,23153,10.177.71.215,HTTPS
5235,tcp,106.180.225.76,58533,23153,10.177.71.215,HTTPS
5236,tcp,106.180.225.76,58455,23153,10.177.71.215,HTTPS
5237,tcp,106.180.225.76,58541,23153,10.177.71.215,HTTPS
5239,tcp,106.180.225.76,58487,23153,10.177.71.215,HTTPS
5240,tcp,106.180.225.76,58515,23153,10.177.71.215,HTTPS
5241,tcp,106.180.225.76,58371,23153,10.177.71.215,HTTPS
5242,tcp,106.180.225.76,58565,23153,10.177.71.215,HTTPS
5244,tcp,106.180.225.76,58457,23153,10.177.71.215,HTTPS
5247,tcp,106.180.225.76,58403,23153,10.177.71.215,HTTPS
5248,tcp,106.180.225.76,58539,23153,10.177.71.215,HTTPS
5251,tcp,106.180.225.76,58546,23153,10.177.71.215,HTTPS
5253,tcp,106.180.225.76,58465,23153,10.177.71.215,HTTPS
5254,tcp,106.180.225.76,58549,23153,10.177.71.215,HTTPS
5255,tcp,106.180.225.76,58451,23153,10.177.71.215,HTTPS
5257,tcp,106.180.225.76,58475,23153,10.177.71.215,HTTPS
5259,tcp,106.180.225.76,58521,23153,10.177.71.215,HTTPS
5261,tcp,106.180.225.76,58439,23153,10.177.71.215,HTTPS
5262,tcp,106.180.225.76,58547,23153,10.177.71.215,HTTPS
5263,tcp,106.180.225.76,58499,23153,10.177.71.215,HTTPS
5264,tcp,106.180.225.76,58401,23153,10.177.71.215,HTTPS
5265,tcp,106.180.225.76,58527,23153,10.177.71.215,HTTPS
5266,tcp,106.180.225.76,58453,23153,10.177.71.215,HTTPS
5268,tcp,106.180.225.76,58427,23153,10.177.71.215,HTTPS
5269,tcp,106.180.225.76,58555,23153,10.177.71.215,HTTPS
5270,udp,202.120.224.26,64186,53,10.177.71.215,DNS
5277,tcp,106.180.225.76,58561,23153,10.177.71.215,HTTPS
5299,udp,202.120.224.26,30156,53,10.177.71.215,DNS
5303,tcp,106.180.225.76,58563,23153,10.177.71.215,HTTPS
5308,tcp,175.27.4.102,58573,80,10.177.71.215,微信消息
5311,tcp,106.180.225.76,58529,23153,10.177.71.215,HTTPS
5312,tcp,106.180.225.76,58449,23153,10.177.71.215,HTTPS
5432,tcp,106.180.225.76,58606,23153,10.177.71.215,HTTPS
5456,tcp,106.180.225.76,57282,23153,10.177.71.215,HTTPS
5516,tcp,175.27.4.102,58594,80,10.177.71.215,微信消息
5528,tcp,106.180.225.76,58613,23153,10.177.71.215,HTTPS
5577,tcp,106.180.225.76,57291,23153,10.177.71.215,HTTPS
5843,tcp,198.175.113.248,58267,9080,10.177.71.215,SSH
5864,tcp,106.180.225.76,57293,23153,10.177.71.215,HTTPS
5921,tcp,106.180.225.76,57331,23153,10.177.71.215,HTTPS
6045,tcp,175.27.4.102,58618,80,10.177.71.215,微信消息
6297,udp,202.120.224.26,63127,53,10.177.71.215,DNS
6518,tcp,106.180.225.76,58666,23153,10.177.71.215,HTTPS
6536,tcp,106.180.225.76,58930,23153,10.177.71.215,HTTPS
6547,tcp,106.180.225.76,58702,23153,10.177.71.215,HTTPS
6556,tcp,106.180.225.76,58656,23153,10.177.71.215,HTTPS
6575,tcp,106.180.225.76,58660,23153,10.177.71.215,HTTPS
6578,tcp,106.180.225.76,58698,23153,10.177.71.215,HTTPS
6579,tcp,106.180.225.76,58662,23153,10.177.71.215,HTTPS
6581,tcp,106.180.225.76,58654,23153,10.177.71.215,HTTPS
6583,tcp,106.180.225.76,58708,23153,10.177.71.215,HTTPS
6589,tcp,106.180.225.76,58650,23153,10.177.71.215,HTTPS
6594,tcp,106.180.225.76,58664,23153,10.177.71.215,HTTPS
6606,tcp,106.180.225.76,58672,23153,10.177.71.215,HTTPS
6616,tcp,106.180.225.76,58652,23153,10.177.71.215,HTTPS
6637,tcp,106.180.225.76,58649,23153,10.177.71.215,HTTPS
6651,tcp,106.180.225.76,58797,23153,10.177.71.215,HTTPS
6660,tcp,106.180.225.76,58678,23153,10.177.71.215,HTTPS
6661,tcp,106.180.225.76,58710,23153,10.177.71.215,HTTPS
6663,tcp,106.180.225.76,58742,23153,10.177.71.215,HTTPS
6667,tcp,106.180.225.76,58740,23153,10.177.71.215,HTTPS
6672,tcp,106.180.225.76,58680,23153,10.177.71.215,HTTPS
6673,tcp,106.180.225.76,58757,23153,10.177.71.215,HTTPS
6676,tcp,106.180.225.76,58751,23153,10.177.71.215,HTTPS
6677,tcp,106.180.225.76,58712,23153,10.177.71.215,HTTPS
6678,tcp,106.180.225.76,58779,23153,10.177.71.215,HTTPS
6679,tcp,106.180.225.76,58717,23153,10.177.71.215,HTTPS
6680,tcp,106.180.225.76,58728,23153,10.177.71.215,HTTPS
6684,tcp,106.180.225.76,58781,23153,10.177.71.215,HTTPS
6689,tcp,106.180.225.76,58773,23153,10.177.71.215,HTTPS
6693,tcp,106.180.225.76,58767,23153,10.177.71.215,HTTPS
6696,tcp,106.180.225.76,58746,23153,10.177.71.215,HTTPS
6697,tcp,106.180.225.76,58823,23153,10.177.71.215,HTTPS
6698,tcp,106.180.225.76,58833,23153,10.177.71.215,HTTPS
6706,tcp,106.180.225.76,58789,23153,10.177.71.215,HTTPS
6709,tcp,106.180.225.76,58771,23153,10.177.71.215,HTTPS
6712,tcp,106.180.225.76,58722,23153,10.177.71.215,HTTPS
6714,tcp,106.180.225.76,58658,23153,10.177.71.215,HTTPS
6715,tcp,106.180.225.76,58787,23153,10.177.71.215,HTTPS
6718,tcp,106.180.225.76,58753,23153,10.177.71.215,HTTPS
6720,tcp,106.180.225.76,58674,23153,10.177.71.215,HTTPS
6721,tcp,106.180.225.76,58769,23153,10.177.71.215,HTTPS
6722,tcp,106.180.225.76,58685,23153,10.177.71.215,HTTPS
6723,tcp,106.180.225.76,58793,23153,10.177.71.215,HTTPS
6725,tcp,106.180.225.76,58724,23153,10.177.71.215,HTTPS
6726,tcp,106.180.225.76,58831,23153,10.177.71.215,HTTPS
6728,tcp,106.180.225.76,58706,23153,10.177.71.215,HTTPS
6733,tcp,106.180.225.76,58692,23153,10.177.71.215,HTTPS
6736,tcp,106.180.225.76,58759,23153,10.177.71.215,HTTPS
6737,tcp,106.180.225.76,58732,23153,10.177.71.215,HTTPS
6738,tcp,106.180.225.76,58791,23153,10.177.71.215,HTTPS
6740,tcp,106.180.225.76,58738,23153,10.177.71.215,HTTPS
6746,tcp,106.180.225.76,58761,23153,10.177.71.215,HTTPS
6747,tcp,106.180.225.76,58783,23153,10.177.71.215,HTTPS
6750,tcp,106.180.225.76,58700,23153,10.177.71.215,HTTPS
6752,tcp,106.180.225.76,58670,23153,10.177.71.215,HTTPS
6753,tcp,106.180.225.76,58734,23153,10.177.71.215,HTTPS
6757,tcp,106.180.225.76,58744,23153,10.177.71.215,HTTPS
6760,tcp,106.180.225.76,58819,23153,10.177.71.215,HTTPS
6764,tcp,106.180.225.76,58776,23153,10.177.71.215,HTTPS
6766,tcp,106.180.225.76,58690,23153,10.177.71.215,HTTPS
6767,tcp,106.180.225.76,58682,23153,10.177.71.215,HTTPS
6768,tcp,106.180.225.76,58755,23153,10.177.71.215,HTTPS
6775,tcp,106.180.225.76,58720,23153,10.177.71.215,HTTPS
6776,tcp,106.180.225.76,58718,23153,10.177.71.215,HTTPS
6779,tcp,106.180.225.76,58765,23153,10.177.71.215,HTTPS
6780,tcp,106.180.225.76,58704,23153,10.177.71.215,HTTPS
6782,tcp,106.180.225.76,58694,23153,10.177.71.215,HTTPS
6785,tcp,106.180.225.76,58777,23153,10.177.71.215,HTTPS
6787,tcp,106.180.225.76,58714,23153,10.177.71.215,HTTPS
6789,tcp,106.180.225.76,58686,23153,10.177.71.215,HTTPS
6790,tcp,106.180.225.76,58785,23153,10.177.71.215,HTTPS
6794,tcp,106.180.225.76,58763,23153,10.177.71.215,HTTPS
6796,tcp,106.180.225.76,58730,23153,10.177.71.215,HTTPS
6797,tcp,106.180.225.76,58688,23153,10.177.71.215,HTTPS
6799,tcp,106.180.225.76,58676,23153,10.177.71.215,HTTPS
6801,tcp,106.180.225.76,58668,23153,10.177.71.215,HTTPS
6802,tcp,106.180.225.76,58748,23153,10.177.71.215,HTTPS
6803,tcp,106.180.225.76,58736,23153,10.177.71.215,HTTPS
6807,tcp,106.180.225.76,58825,23153,10.177.71.215,HTTPS
6811,tcp,106.180.225.76,58726,23153,10.177.71.215,HTTPS
6813,tcp,106.180.225.76,58868,23153,10.177.71.215,HTTPS
6814,tcp,106.180.225.76,58861,23153,10.177.71.215,HTTPS
6815,tcp,106.180.225.76,58817,23153,10.177.71.215,HTTPS
6816,tcp,106.180.225.76,58915,23153,10.177.71.215,HTTPS
6817,tcp,106.180.225.76,58921,23153,10.177.71.215,HTTPS
6818,tcp,106.180.225.76,58807,23153,10.177.71.215,HTTPS
6819,tcp,106.180.225.76,58863,23153,10.177.71.215,HTTPS
6820,tcp,106.180.225.76,58847,23153,10.177.71.215,HTTPS
6821,tcp,106.180.225.76,58874,23153,10.177.71.215,HTTPS
6823,tcp,106.180.225.76,58829,23153,10.177.71.215,HTTPS
6826,tcp,106.180.225.76,58853,23153,10.177.71.215,HTTPS
6828,tcp,106.180.225.76,58696,23153,10.177.71.215,HTTPS
6830,tcp,106.180.225.76,58865,23153,10.177.71.215,HTTPS
6832,tcp,106.180.225.76,58879,23153,10.177.71.215,HTTPS
6834,tcp,106.180.225.76,58801,23153,10.177.71.215,HTTPS
6836,tcp,106.180.225.76,58799,23153,10.177.71.215,HTTPS
6838,tcp,106.180.225.76,58887,23153,10.177.71.215,HTTPS
6839,tcp,106.180.225.76,58859,23153,10.177.71.215,HTTPS
6841,tcp,106.180.225.76,58913,23153,10.177.71.215,HTTPS
6842,tcp,106.180.225.76,58835,23153,10.177.71.215,HTTPS
6843,tcp,106.180.225.76,58893,23153,10.177.71.215,HTTPS
6845,tcp,106.180.225.76,58919,23153,10.177.71.215,HTTPS
6847,tcp,106.180.225.76,58813,23153,10.177.71.215,HTTPS
6848,tcp,106.180.225.76,58895,23153,10.177.71.215,HTTPS
6849,tcp,106.180.225.76,58883,23153,10.177.71.215,HTTPS
6850,tcp,106.180.225.76,58805,23153,10.177.71.215,HTTPS
6851,tcp,106.180.225.76,58841,23153,10.177.71.215,HTTPS
6858,tcp,106.180.225.76,58875,23153,10.177.71.215,HTTPS
6862,tcp,106.180.225.76,58843,23153,10.177.71.215,HTTPS
6863,tcp,106.180.225.76,58849,23153,10.177.71.215,HTTPS
6865,tcp,106.180.225.76,58923,23153,10.177.71.215,HTTPS
6868,tcp,106.180.225.76,58821,23153,10.177.71.215,HTTPS
6870,tcp,106.180.225.76,58855,23153,10.177.71.215,HTTPS
6872,tcp,106.180.225.76,58885,23153,10.177.71.215,HTTPS
6876,tcp,106.180.225.76,58839,23153,10.177.71.215,HTTPS
6878,tcp,106.180.225.76,58871,23153,10.177.71.215,HTTPS
6879,tcp,106.180.225.76,58795,23153,10.177.71.215,HTTPS
6880,tcp,106.180.225.76,58917,23153,10.177.71.215,HTTPS
6881,tcp,106.180.225.76,58837,23153,10.177.71.215,HTTPS
6883,tcp,106.180.225.76,58827,23153,10.177.71.215,HTTPS
6887,tcp,106.180.225.76,58899,23153,10.177.71.215,HTTPS
6888,tcp,106.180.225.76,58881,23153,10.177.71.215,HTTPS
6889,tcp,106.180.225.76,58907,23153,10.177.71.215,HTTPS
6890,tcp,106.180.225.76,58877,23153,10.177.71.215,HTTPS
6894,tcp,106.180.225.76,58845,23153,10.177.71.215,HTTPS
6895,tcp,106.180.225.76,58811,23153,10.177.71.215,HTTPS
6896,tcp,106.180.225.76,58909,23153,10.177.71.215,HTTPS
6897,tcp,106.180.225.76,58889,23153,10.177.71.215,HTTPS
6898,tcp,106.180.225.76,58903,23153,10.177.71.215,HTTPS
6899,tcp,106.180.225.76,58891,23153,10.177.71.215,HTTPS
6900,tcp,106.180.225.76,58911,23153,10.177.71.215,HTTPS
6901,tcp,175.27.4.102,58645,80,10.177.71.215,微信消息
6903,tcp,106.180.225.76,58897,23153,10.177.71.215,HTTPS
6904,tcp,106.180.225.76,58857,23153,10.177.71.215,HTTPS
6905,tcp,106.180.225.76,58809,23153,10.177.71.215,HTTPS
6906,tcp,106.180.225.76,58851,23153,10.177.71.215,HTTPS
6907,tcp,106.180.225.76,58869,23153,10.177.71.215,HTTPS
6908,tcp,106.180.225.76,58815,23153,10.177.71.215,HTTPS
6910,tcp,106.180.225.76,58901,23153,10.177.71.215,HTTPS
6930,tcp,106.180.225.76,58905,23153,10.177.71.215,HTTPS
7031,tcp,106.180.225.76,58961,23153,10.177.71.215,HTTPS
7050,tcp,175.27.4.102,58941,80,10.177.71.215,微信消息
7061,tcp,198.175.113.248,58152,9080,10.177.71.215,SSH
7227,tcp,106.180.225.76,58985,23153,10.177.71.215,HTTPS
7232,tcp,182.254.116.116,58991,80,10.177.71.215,网页浏览
7254,tcp,175.27.4.102,58974,80,10.177.71.215,微信消息
7272,tcp,110.242.70.52,57968,80,10.177.71.215,百度网盘
7307,tcp,106.180.225.76,57313,23153,10.177.71.215,HTTPS
7474,tcp,175.27.4.102,59000,80,10.177.71.215,微信消息
7591,tcp,106.180.225.76,59038,23153,10.177.71.215,HTTPS
7618,tcp,106.180.225.76,57274,23153,10.177.71.215,HTTPS
7633,tcp,106.180.225.76,59041,23153,10.177.71.215,HTTPS
7646,tcp,175.27.4.102,59024,80,10.177.71.215,微信消息
7676,tcp,106.180.225.76,57264,23153,10.177.71.215,HTTPS
7752,tcp,106.180.225.76,59067,23153,10.177.71.215,HTTPS
7830,tcp,175.27.4.102,59051,80,10.177.71.215,微信消息
7922,tcp,106.180.225.76,59087,23153,10.177.71.215,HTTPS
7944,tcp,110.242.69.202,58631,443,10.177.71.215,百度网盘
7947,tcp,106.180.225.76,58226,23153,10.177.71.215,HTTPS
7984,tcp,106.180.225.76,58221,23153,10.177.71.215,HTTPS
7994,tcp,106.180.225.76,59096,23153,10.177.71.215,HTTPS
8019,tcp,175.27.4.102,59084,80,10.177.71.215,微信消息
8211,tcp,175.27.4.102,59106,80,10.177.71.215,微信消息
8346,tcp,106.180.225.76,59135,23153,10.177.71.215,HTTPS
8452,tcp,175.27.4.102,59124,80,10.177.71.215,微信消息
8500,tcp,123.234.3.166,58572,443,10.177.71.215,哔哩哔哩动画
9121,tcp,175.27.4.102,59145,80,10.177.71.215,微信消息
9282,tcp,106.180.225.76,58255,23153,10.177.71.215,HTTPS
9433,tcp,106.180.225.76,59166,23153,10.177.71.215,HTTPS
9534,tcp,106.180.225.76,59202,23153,10.177.71.215,HTTPS
9535,tcp,106.180.225.76,59169,23153,10.177.71.215,HTTPS
9540,tcp,106.180.225.76,59177,23153,10.177.71.215,HTTPS
9542,tcp,106.180.225.76,59206,23153,10.177.71.215,HTTPS
9554,tcp,106.180.225.76,59250,23153,10.177.71.215,HTTPS
9556,tcp,106.180.225.76,59236,23153,10.177.71.215,HTTPS
9559,tcp,106.180.225.76,59210,23153,10.177.71.215,HTTPS
9561,tcp,106.180.225.76,59208,23153,10.177.71.215,HTTPS
9565,tcp,106.180.225.76,59228,23153,10.177.71.215,HTTPS
9580,tcp,106.180.225.76,59187,23153,10.177.71.215,HTTPS
9607,tcp,106.180.225.76,59234,23153,10.177.71.215,HTTPS
9617,tcp,106.180.225.76,59220,23153,10.177.71.215,HTTPS
9621,tcp,106.180.225.76,59197,23153,10.177.71.215,HTTPS
9628,tcp,106.180.225.76,59173,23153,10.177.71.215,HTTPS
9630,tcp,106.180.225.76,59185,23153,10.177.71.215,HTTPS
9666,tcp,106.180.225.76,59204,23153,10.177.71.215,HTTPS
9702,tcp,106.180.225.76,59238,23153,10.177.71.215,HTTPS
9713,tcp,106.180.225.76,59246,23153,10.177.71.215,HTTPS
9725,tcp,106.180.225.76,59183,23153,10.177.71.215,HTTPS
9729,tcp,106.180.225.76,59179,23153,10.177.71.215,HTTPS
9730,tcp,106.180.225.76,59191,23153,10.177.71.215,HTTPS
9745,tcp,106.180.225.76,59248,23153,10.177.71.215,HTTPS
9748,tcp,106.180.225.76,59193,23153,10.177.71.215,HTTPS
9749,tcp,106.180.225.76,59167,23153,10.177.71.215,HTTPS
9762,tcp,106.180.225.76,59195,23153,10.177.71.215,HTTPS
9779,tcp,106.180.225.76,59230,23153,10.177.71.215,HTTPS
9782,tcp,106.180.225.76,59226,23153,10.177.71.215,HTTPS
9784,tcp,106.180.225.76,59189,23153,10.177.71.215,HTTPS
9789,tcp,106.180.225.76,59171,23153,10.177.71.215,HTTPS
9823,tcp,106.180.225.76,59175,23153,10.177.71.215,HTTPS
9842,tcp,106.180.225.76,59181,23153,10.177.71.215,HTTPS
9846,tcp,106.180.225.76,59394,23153,10.177.71.215,HTTPS
9847,tcp,106.180.225.76,59312,23153,10.177.71.215,HTTPS
9848,tcp,106.180.225.76,59414,23153,10.177.71.215,HTTPS
9851,tcp,106.180.225.76,59401,23153,10.177.71.215,HTTPS
9853,tcp,106.180.225.76,59366,23153,10.177.71.215,HTTPS
9854,tcp,106.180.225.76,59304,23153,10.177.71.215,HTTPS
9855,tcp,106.180.225.76,59416,23153,10.177.71.215,HTTPS
9857,tcp,106.180.225.76,59450,23153,10.177.71.215,HTTPS
9858,tcp,106.180.225.76,59258,23153,10.177.71.215,HTTPS
9862,tcp,106.180.225.76,59352,23153,10.177.71.215,HTTPS
9864,tcp,106.180.225.76,59386,23153,10.177.71.215,HTTPS
9865,tcp,106.180.225.76,59272,23153,10.177.71.215,HTTPS
9866,tcp,106.180.225.76,59306,23153,10.177.71.215,HTTPS
9870,tcp,106.180.225.76,59362,23153,10.177.71.215,HTTPS
9871,tcp,106.180.225.76,59232,23153,10.177.71.215,HTTPS
9873,tcp,106.180.225.76,59346,23153,10.177.71.215,HTTPS
9880,tcp,106.180.225.76,59256,23153,10.177.71.215,HTTPS
9881,tcp,106.180.225.76,59262,23153,10.177.71.215,HTTPS
9882,tcp,106.180.225.76,59288,23153,10.177.71.215,HTTPS
9886,tcp,106.180.225.76,59252,23153,10.177.71.215,HTTPS
9891,tcp,106.180.225.76,59276,23153,10.177.71.215,HTTPS
9897,tcp,106.180.225.76,59326,23153,10.177.71.215,HTTPS
9901,tcp,106.180.225.76,59324,23153,10.177.71.215,HTTPS
9905,tcp,106.180.225.76,59268,23153,10.177.71.215,HTTPS
9908,tcp,106.180.225.76,59292,23153,10.177.71.215,HTTPS
9915,tcp,106.180.225.76,59266,23153,10.177.71.215,HTTPS
9916,tcp,106.180.225.76,59374,23153,10.177.71.215,HTTPS
9917,tcp,106.180.225.76,59290,23153,10.177.71.215,HTTPS
9918,tcp,106.180.225.76,59222,23153,10.177.71.215,HTTPS
9920,tcp,106.180.225.76,59216,23153,10.177.71.215,HTTPS
9923,tcp,106.180.225.76,59280,23153,10.177.71.215,HTTPS
9924,tcp,106.180.225.76,59382,23153,10.177.71.215,HTTPS
9925,tcp,106.180.225.76,59224,23153,10.177.71.215,HTTPS
9937,tcp,106.180.225.76,59390,23153,10.177.71.215,HTTPS
9939,tcp,106.180.225.76,59264,23153,10.177.71.215,HTTPS
9942,tcp,106.180.225.76,59314,23153,10.177.71.215,HTTPS
9950,tcp,106.180.225.76,59344,23153,10.177.71.215,HTTPS
9953,tcp,106.180.225.76,59420,23153,10.177.71.215,HTTPS
9954,tcp,106.180.225.76,59376,23153,10.177.71.215,HTTPS
9959,tcp,106.180.225.76,59360,23153,10.177.71.215,HTTPS
9962,tcp,106.180.225.76,59242,23153,10.177.71.215,HTTPS
9967,tcp,106.180.225.76,59332,23153,10.177.71.215,HTTPS
9971,tcp,106.180.225.76,59302,23153,10.177.71.215,HTTPS
9974,tcp,106.180.225.76,59330,23153,10.177.71.215,HTTPS
9984,tcp,106.180.225.76,59270,23153,10.177.71.215,HTTPS
9985,tcp,106.180.225.76,59398,23153,10.177.71.215,HTTPS
9987,tcp,106.180.225.76,59322,23153,10.177.71.215,HTTPS
9991,tcp,106.180.225.76,59348,23153,10.177.71.215,HTTPS
10000,tcp,106.180.225.76,59254,23153,10.177.71.215,HTTPS
10001,tcp,106.180.225.76,59418,23153,10.177.71.215,HTTPS
10005,tcp,106.180.225.76,59392,23153,10.177.71.215,HTTPS
10007,tcp,106.180.225.76,59244,23153,10.177.71.215,HTTPS
10012,tcp,106.180.225.76,59356,23153,10.177.71.215,HTTPS
10013,tcp,106.180.225.76,59402,23153,10.177.71.215,HTTPS
10015,tcp,106.180.225.76,59412,23153,10.177.71.215,HTTPS
10021,tcp,106.180.225.76,59320,23153,10.177.71.215,HTTPS
10022,tcp,106.180.225.76,59318,23153,10.177.71.215,HTTPS
10025,tcp,106.180.225.76,59284,23153,10.177.71.215,HTTPS
10027,tcp,106.180.225.76,59298,23153,10.177.71.215,HTTPS
10040,tcp,106.180.225.76,59358,23153,10.177.71.215,HTTPS
10042,tcp,106.180.225.76,59240,23153,10.177.71.215,HTTPS
10049,tcp,106.180.225.76,59406,23153,10.177.71.215,HTTPS
10054,tcp,106.180.225.76,59200,23153,10.177.71.215,HTTPS
10056,tcp,106.180.225.76,59370,23153,10.177.71.215,HTTPS
10058,tcp,106.180.225.76,59300,23153,10.177.71.215,HTTPS
10060,tcp,106.180.225.76,59286,23153,10.177.71.215,HTTPS
10069,tcp,106.180.225.76,59380,23153,10.177.71.215,HTTPS
10070,tcp,106.180.225.76,59310,23153,10.177.71.215,HTTPS
10071,tcp,106.180.225.76,59308,23153,10.177.71.215,HTTPS
10074,tcp,106.180.225.76,59336,23153,10.177.71.215,HTTPS
10075,tcp,106.180.225.76,59214,23153,10.177.71.215,HTTPS
10076,tcp,106.180.225.76,59282,23153,10.177.71.215,HTTPS
10078,tcp,106.180.225.76,59328,23153,10.177.71.215,HTTPS
10085,tcp,106.180.225.76,59372,23153,10.177.71.215,HTTPS
10086,tcp,106.180.225.76,59388,23153,10.177.71.215,HTTPS
10087,tcp,106.180.225.76,59368,23153,10.177.71.215,HTTPS
10090,tcp,106.180.225.76,59396,23153,10.177.71.215,HTTPS
10092,tcp,106.180.225.76,59350,23153,10.177.71.215,HTTPS
10096,tcp,106.180.225.76,59316,23153,10.177.71.215,HTTPS
10100,tcp,106.180.225.76,59408,23153,10.177.71.215,HTTPS
10101,tcp,106.180.225.76,59278,23153,10.177.71.215,HTTPS
10103,tcp,106.180.225.76,59218,23153,10.177.71.215,HTTPS
10104,tcp,106.180.225.76,59354,23153,10.177.71.215,HTTPS
10105,tcp,106.180.225.76,59294,23153,10.177.71.215,HTTPS
10107,tcp,106.180.225.76,59384,23153,10.177.71.215,HTTPS
10113,tcp,106.180.225.76,59378,23153,10.177.71.215,HTTPS
10116,tcp,106.180.225.76,59296,23153,10.177.71.215,HTTPS
10119,tcp,106.180.225.76,59274,23153,10.177.71.215,HTTPS
10124,tcp,106.180.225.76,59364,23153,10.177.71.215,HTTPS
10126,tcp,106.180.225.76,59212,23153,10.177.71.215,HTTPS
10127,tcp,106.180.225.76,59260,23153,10.177.71.215,HTTPS
10139,tcp,106.180.225.76,59436,23153,10.177.71.215,HTTPS
10161,tcp,106.180.225.76,59428,23153,10.177.71.215,HTTPS
10166,tcp,106.180.225.76,59426,23153,10.177.71.215,HTTPS
10170,tcp,106.180.225.76,59438,23153,10.177.71.215,HTTPS
10179,tcp,106.180.225.76,59422,23153,10.177.71.215,HTTPS
10181,tcp,106.180.225.76,59334,23153,10.177.71.215,HTTPS
10195,tcp,175.27.4.102,59439,80,10.177.71.215,微信消息
10206,tcp,106.180.225.76,59338,23153,10.177.71.215,HTTPS
10211,tcp,106.180.225.76,59342,23153,10.177.71.215,HTTPS
10266,tcp,106.180.225.76,59434,23153,10.177.71.215,HTTPS
10268,tcp,106.180.225.76,59430,23153,10.177.71.215,HTTPS
10273,tcp,106.180.225.76,59432,23153,10.177.71.215,HTTPS
10278,tcp,106.180.225.76,59340,23153,10.177.71.215,HTTPS
10279,tcp,106.180.225.76,59424,23153,10.177.71.215,HTTPS
10282,tcp,106.180.225.76,59410,23153,10.177.71.215,HTTPS
10302,tcp,106.180.225.76,59404,23153,10.177.71.215,HTTPS
10315,udp,202.120.224.26,60104,53,10.177.71.215,DNS
10500,tcp,106.180.225.76,59488,23153,10.177.71.215,HTTPS
10506,tcp,106.180.225.76,59470,23153,10.177.71.215,HTTPS
10519,tcp,106.180.225.76,59466,23153,10.177.71.215,HTTPS
10542,tcp,106.180.225.76,59464,23153,10.177.71.215,HTTPS
10548,tcp,106.180.225.76,59461,23153,10.177.71.215,HTTPS
10559,tcp,106.180.225.76,59474,23153,10.177.71.215,HTTPS
10561,tcp,106.180.225.76,59482,23153,10.177.71.215,HTTPS
10564,tcp,106.180.225.76,59524,23153,10.177.71.215,HTTPS
10571,tcp,106.180.225.76,59480,23153,10.177.71.215,HTTPS
10580,tcp,106.180.225.76,59468,23153,10.177.71.215,HTTPS
10612,tcp,106.180.225.76,59472,23153,10.177.71.215,HTTPS
10638,tcp,106.180.225.76,59462,23153,10.177.71.215,HTTPS
10656,tcp,106.180.225.76,59486,23153,10.177.71.215,HTTPS
10675,tcp,106.180.225.76,59476,23153,10.177.71.215,HTTPS
10678,tcp,106.180.225.76,59589,23153,10.177.71.215,HTTPS
10683,tcp,106.180.225.76,59518,23153,10.177.71.215,HTTPS
10689,tcp,106.180.225.76,59574,23153,10.177.71.215,HTTPS
10691,tcp,106.180.225.76,59526,23153,10.177.71.215,HTTPS
10692,tcp,106.180.225.76,59514,23153,10.177.71.215,HTTPS
10693,tcp,106.180.225.76,59676,23153,10.177.71.215,HTTPS
10694,tcp,106.180.225.76,59542,23153,10.177.71.215,HTTPS
10696,tcp,106.180.225.76,59646,23153,10.177.71.215,HTTPS
10699,tcp,106.180.225.76,59578,23153,10.177.71.215,HTTPS
10700,tcp,106.180.225.76,59680,23153,10.177.71.215,HTTPS
10701,tcp,106.180.225.76,59590,23153,10.177.71.215,HTTPS
10702,tcp,106.180.225.76,59546,23153,10.177.71.215,HTTPS
10703,tcp,106.180.225.76,59510,23153,10.177.71.215,HTTPS
10705,tcp,106.180.225.76,59552,23153,10.177.71.215,HTTPS
10707,tcp,106.180.225.76,59540,23153,10.177.71.215,HTTPS
10718,tcp,106.180.225.76,59544,23153,10.177.71.215,HTTPS
10719,tcp,106.180.225.76,59570,23153,10.177.71.215,HTTPS
10720,tcp,106.180.225.76,59684,23153,10.177.71.215,HTTPS
10725,tcp,106.180.225.76,59522,23153,10.177.71.215,HTTPS
10728,tcp,106.180.225.76,59616,23153,10.177.71.215,HTTPS
10734,tcp,106.180.225.76,59566,23153,10.177.71.215,HTTPS
10736,tcp,106.180.225.76,59568,23153,10.177.71.215,HTTPS
10738,tcp,106.180.225.76,59484,23153,10.177.71.215,HTTPS
10739,tcp,106.180.225.76,59530,23153,10.177.71.215,HTTPS
10742,tcp,106.180.225.76,59534,23153,10.177.71.215,HTTPS
10743,tcp,106.180.225.76,59550,23153,10.177.71.215,HTTPS
10745,tcp,106.180.225.76,59662,23153,10.177.71.215,HTTPS
10747,tcp,106.180.225.76,59594,23153,10.177.71.215,HTTPS
10748,tcp,106.180.225.76,59648,23153,10.177.71.215,HTTPS
10754,tcp,106.180.225.76,59548,23153,10.177.71.215,HTTPS
10756,tcp,106.180.225.76,59596,23153,10.177.71.215,HTTPS
10758,tcp,106.180.225.76,59598,23153,10.177.71.215,HTTPS
10761,tcp,106.180.225.76,59600,23153,10.177.71.215,HTTPS
10762,tcp,106.180.225.76,59558,23153,10.177.71.215,HTTPS
10763,tcp,106.180.225.76,59654,23153,10.177.71.215,HTTPS
10764,tcp,106.180.225.76,59672,23153,10.177.71.215,HTTPS
10766,tcp,106.180.225.76,59564,23153,10.177.71.215,HTTPS
10768,tcp,106.180.225.76,59554,23153,10.177.71.215,HTTPS
10769,tcp,106.180.225.76,59656,23153,10.177.71.215,HTTPS
10771,tcp,106.180.225.76,59652,23153,10.177.71.215,HTTPS
10772,tcp,106.180.225.76,59492,23153,10.177.71.215,HTTPS
10773,tcp,106.180.225.76,59660,23153,10.177.71.215,HTTPS
10774,tcp,106.180.225.76,59560,23153,10.177.71.215,HTTPS
10775,tcp,106.180.225.76,59582,23153,10.177.71.215,HTTPS
10776,tcp,106.180.225.76,59576,23153,10.177.71.215,HTTPS
10783,tcp,106.180.225.76,59658,23153,10.177.71.215,HTTPS
10784,tcp,106.180.225.76,59556,23153,10.177.71.215,HTTPS
10785,tcp,106.180.225.76,59618,23153,10.177.71.215,HTTPS
10787,tcp,106.180.225.76,59572,23153,10.177.71.215,HTTPS
10792,tcp,106.180.225.76,59674,23153,10.177.71.215,HTTPS
10794,tcp,106.180.225.76,59520,23153,10.177.71.215,HTTPS
10795,tcp,106.180.225.76,59584,23153,10.177.71.215,HTTPS
10797,tcp,106.180.225.76,59696,23153,10.177.71.215,HTTPS
10798,tcp,106.180.225.76,59490,23153,10.177.71.215,HTTPS
10800,tcp,106.180.225.76,59502,23153,10.177.71.215,HTTPS
10803,tcp,106.180.225.76,59580,23153,10.177.71.215,HTTPS
10806,tcp,106.180.225.76,59500,23153,10.177.71.215,HTTPS
10807,tcp,106.180.225.76,59666,23153,10.177.71.215,HTTPS
10809,tcp,106.180.225.76,59532,23153,10.177.71.215,HTTPS
10811,tcp,106.180.225.76,59478,23153,10.177.71.215,HTTPS
10812,tcp,106.180.225.76,59586,23153,10.177.71.215,HTTPS
10814,tcp,106.180.225.76,59506,23153,10.177.71.215,HTTPS
10815,tcp,106.180.225.76,59496,23153,10.177.71.215,HTTPS
10817,tcp,106.180.225.76,59651,23153,10.177.71.215,HTTPS
10818,tcp,106.180.225.76,59504,23153,10.177.71.215,HTTPS
10819,tcp,106.180.225.76,59512,23153,10.177.71.215,HTTPS
10821,tcp,106.180.225.76,59606,23153,10.177.71.215,HTTPS
10822,tcp,106.180.225.76,59602,23153,10.177.71.215,HTTPS
10824,tcp,106.180.225.76,59592,23153,10.177.71.215,HTTPS
10825,tcp,106.180.225.76,59538,23153,10.177.71.215,HTTPS
10826,tcp,106.180.225.76,59494,23153,10.177.71.215,HTTPS
10828,tcp,106.180.225.76,59529,23153,10.177.71.215,HTTPS
10829,tcp,106.180.225.76,59604,23153,10.177.71.215,HTTPS
10830,tcp,106.180.225.76,59644,23153,10.177.71.215,HTTPS
10832,tcp,106.180.225.76,59516,23153,10.177.71.215,HTTPS
10833,tcp,106.180.225.76,59562,23153,10.177.71.215,HTTPS
10834,tcp,106.180.225.76,59536,23153,10.177.71.215,HTTPS
10836,tcp,106.180.225.76,59728,23153,10.177.71.215,HTTPS
10837,tcp,106.180.225.76,59622,23153,10.177.71.215,HTTPS
10839,tcp,106.180.225.76,59630,23153,10.177.71.215,HTTPS
10840,tcp,106.180.225.76,59624,23153,10.177.71.215,HTTPS
10843,tcp,106.180.225.76,59634,23153,10.177.71.215,HTTPS
10846,tcp,106.180.225.76,59608,23153,10.177.71.215,HTTPS
10847,tcp,106.180.225.76,59499,23153,10.177.71.215,HTTPS
10851,tcp,106.180.225.76,59714,23153,10.177.71.215,HTTPS
10852,tcp,106.180.225.76,59694,23153,10.177.71.215,HTTPS
10856,tcp,106.180.225.76,59706,23153,10.177.71.215,HTTPS
10857,tcp,106.180.225.76,59632,23153,10.177.71.215,HTTPS
10858,tcp,106.180.225.76,59708,23153,10.177.71.215,HTTPS
10859,tcp,106.180.225.76,59642,23153,10.177.71.215,HTTPS
10861,tcp,106.180.225.76,59720,23153,10.177.71.215,HTTPS
10871,tcp,106.180.225.76,59730,23153,10.177.71.215,HTTPS
10872,tcp,106.180.225.76,59682,23153,10.177.71.215,HTTPS
10874,tcp,106.180.225.76,59620,23153,10.177.71.215,HTTPS
10875,tcp,106.180.225.76,59699,23153,10.177.71.215,HTTPS
10876,tcp,106.180.225.76,59508,23153,10.177.71.215,HTTPS
10877,tcp,106.180.225.76,59732,23153,10.177.71.215,HTTPS
10878,tcp,106.180.225.76,59668,23153,10.177.71.215,HTTPS
10880,tcp,106.180.225.76,59629,23153,10.177.71.215,HTTPS
10881,tcp,106.180.225.76,59690,23153,10.177.71.215,HTTPS
10883,tcp,106.180.225.76,59636,23153,10.177.71.215,HTTPS
10884,tcp,106.180.225.76,59722,23153,10.177.71.215,HTTPS
10885,tcp,106.180.225.76,59664,23153,10.177.71.215,HTTPS
10886,tcp,106.180.225.76,59724,23153,10.177.71.215,HTTPS
10887,tcp,106.180.225.76,59712,23153,10.177.71.215,HTTPS
10889,tcp,106.180.225.76,59710,23153,10.177.71.215,HTTPS
10890,tcp,106.180.225.76,59612,23153,10.177.71.215,HTTPS
10894,tcp,106.180.225.76,59640,23153,10.177.71.215,HTTPS
10896,tcp,106.180.225.76,59718,23153,10.177.71.215,HTTPS
10897,tcp,106.180.225.76,59693,23153,10.177.71.215,HTTPS
10899,tcp,106.180.225.76,59610,23153,10.177.71.215,HTTPS
10900,tcp,106.180.225.76,59678,23153,10.177.71.215,HTTPS
10901,tcp,106.180.225.76,59626,23153,10.177.71.215,HTTPS
10902,tcp,106.180.225.76,59686,23153,10.177.71.215,HTTPS
10903,tcp,106.180.225.76,59726,23153,10.177.71.215,HTTPS
10905,tcp,106.180.225.76,59704,23153,10.177.71.215,HTTPS
10906,tcp,106.180.225.76,59688,23153,10.177.71.215,HTTPS
10909,tcp,106.180.225.76,59670,23153,10.177.71.215,HTTPS
10911,tcp,106.180.225.76,59700,23153,10.177.71.215,HTTPS
10912,tcp,106.180.225.76,59716,23153,10.177.71.215,HTTPS
10917,tcp,106.180.225.76,59702,23153,10.177.71.215,HTTPS
10919,tcp,106.180.225.76,59614,23153,10.177.71.215,HTTPS
10921,tcp,106.180.225.76,59638,23153,10.177.71.215,HTTPS
10932,tcp,175.27.4.102,59733,80,10.177.71.215,微信消息
11001,tcp,110.242.70.52,58150,80,10.177.71.215,百度网盘
11060,tcp,106.180.225.76,59763,23153,10.177.71.215,HTTPS
11085,tcp,175.27.4.102,59752,80,10.177.71.215,微信消息
11286,tcp,175.27.4.102,59773,80,10.177.71.215,微信消息
11428,tcp,106.180.225.76,59802,23153,10.177.71.215,HTTPS
11512,tcp,175.27.4.102,59791,80,10.177.71.215,微信消息
11540,tcp,106.180.225.76,58995,23153,10.177.71.215,HTTPS
11545,tcp,106.180.225.76,59004,23153,10.177.71.215,HTTPS
11656,tcp,175.27.4.102,59812,80,10.177.71.215,微信消息
12182,tcp,106.180.225.76,59841,23153,10.177.71.215,HTTPS
12382,tcp,175.27.4.102,59830,80,10.177.71.215,微信消息
12553,tcp,106.180.225.76,59884,23153,10.177.71.215,HTTPS
12571,tcp,106.180.225.76,59853,23153,10.177.71.215,HTTPS
12577,tcp,106.180.225.76,59872,23153,10.177.71.215,HTTPS
12580,tcp,106.180.225.76,59862,23153,10.177.71.215,HTTPS
12582,tcp,106.180.225.76,59854,23153,10.177.71.215,HTTPS
12591,tcp,106.180.225.76,59874,23153,10.177.71.215,HTTPS
12618,tcp,106.180.225.76,59860,23153,10.177.71.215,HTTPS
12655,tcp,106.180.225.76,59892,23153,10.177.71.215,HTTPS
12660,tcp,106.180.225.76,59850,23153,10.177.71.215,HTTPS
12677,tcp,106.180.225.76,59858,23153,10.177.71.215,HTTPS
12686,tcp,106.180.225.76,59864,23153,10.177.71.215,HTTPS
12691,tcp,106.180.225.76,59890,23153,10.177.71.215,HTTPS
12709,tcp,106.180.225.76,59848,23153,10.177.71.215,HTTPS
12713,tcp,106.180.225.76,59856,23153,10.177.71.215,HTTPS
12718,tcp,106.180.225.76,60116,23153,10.177.71.215,HTTPS
12719,tcp,106.180.225.76,60002,23153,10.177.71.215,HTTPS
12720,tcp,106.180.225.76,59900,23153,10.177.71.215,HTTPS
12721,tcp,106.180.225.76,60050,23153,10.177.71.215,HTTPS
12722,tcp,106.180.225.76,60090,23153,10.177.71.215,HTTPS
12723,tcp,106.180.225.76,60000,23153,10.177.71.215,HTTPS
12725,tcp,106.180.225.76,59984,23153,10.177.71.215,HTTPS
12726,tcp,106.180.225.76,59868,23153,10.177.71.215,HTTPS
12727,tcp,106.180.225.76,59964,23153,10.177.71.215,HTTPS
12728,tcp,106.180.225.76,59934,23153,10.177.71.215,HTTPS
12730,tcp,106.180.225.76,59994,23153,10.177.71.215,HTTPS
12731,tcp,106.180.225.76,59930,23153,10.177.71.215,HTTPS
12732,tcp,106.180.225.76,60052,23153,10.177.71.215,HTTPS
12733,tcp,106.180.225.76,59996,23153,10.177.71.215,HTTPS
12735,tcp,106.180.225.76,60120,23153,10.177.71.215,HTTPS
12737,tcp,106.180.225.76,59918,23153,10.177.71.215,HTTPS
12738,tcp,106.180.225.76,60096,23153,10.177.71.215,HTTPS
12740,tcp,106.180.225.76,59972,23153,10.177.71.215,HTTPS
12741,tcp,106.180.225.76,60056,23153,10.177.71.215,HTTPS
12742,tcp,106.180.225.76,59992,23153,10.177.71.215,HTTPS
12744,tcp,106.180.225.76,59924,23153,10.177.71.215,HTTPS
12745,tcp,106.180.225.76,60084,23153,10.177.71.215,HTTPS
12746,tcp,106.180.225.76,60058,23153,10.177.71.215,HTTPS
12748,tcp,106.180.225.76,60032,23153,10.177.71.215,HTTPS
12750,tcp,106.180.225.76,59958,23153,10.177.71.215,HTTPS
12752,tcp,106.180.225.76,60004,23153,10.177.71.215,HTTPS
12753,tcp,106.180.225.76,60030,23153,10.177.71.215,HTTPS
12755,tcp,106.180.225.76,59920,23153,10.177.71.215,HTTPS
12756,tcp,106.180.225.76,60034,23153,10.177.71.215,HTTPS
12757,tcp,106.180.225.76,60013,23153,10.177.71.215,HTTPS
12759,tcp,106.180.225.76,60106,23153,10.177.71.215,HTTPS
12760,tcp,106.180.225.76,60066,23153,10.177.71.215,HTTPS
12761,tcp,106.180.225.76,60008,23153,10.177.71.215,HTTPS
12762,tcp,106.180.225.76,59912,23153,10.177.71.215,HTTPS
12763,tcp,106.180.225.76,59990,23153,10.177.71.215,HTTPS
12767,tcp,106.180.225.76,60042,23153,10.177.71.215,HTTPS
12768,tcp,106.180.225.76,60110,23153,10.177.71.215,HTTPS
12771,tcp,106.180.225.76,60054,23153,10.177.71.215,HTTPS
12776,tcp,106.180.225.76,60048,23153,10.177.71.215,HTTPS
12777,tcp,106.180.225.76,59914,23153,10.177.71.215,HTTPS
12778,tcp,106.180.225.76,60038,23153,10.177.71.215,HTTPS
12779,tcp,106.180.225.76,60082,23153,10.177.71.215,HTTPS
12780,tcp,106.180.225.76,59904,23153,10.177.71.215,HTTPS
12781,tcp,106.180.225.76,59954,23153,10.177.71.215,HTTPS
12783,tcp,106.180.225.76,59946,23153,10.177.71.215,HTTPS
12785,tcp,106.180.225.76,60104,23153,10.177.71.215,HTTPS
12786,tcp,106.180.225.76,59966,23153,10.177.71.215,HTTPS
12787,tcp,106.180.225.76,60014,23153,10.177.71.215,HTTPS
12788,tcp,106.180.225.76,60068,23153,10.177.71.215,HTTPS
12791,tcp,106.180.225.76,60064,23153,10.177.71.215,HTTPS
12792,tcp,106.180.225.76,60046,23153,10.177.71.215,HTTPS
12793,tcp,106.180.225.76,59886,23153,10.177.71.215,HTTPS
12794,tcp,106.180.225.76,59988,23153,10.177.71.215,HTTPS
12795,tcp,106.180.225.76,59950,23153,10.177.71.215,HTTPS
12796,tcp,106.180.225.76,59968,23153,10.177.71.215,HTTPS
12797,tcp,106.180.225.76,59970,23153,10.177.71.215,HTTPS
12798,tcp,106.180.225.76,60006,23153,10.177.71.215,HTTPS
12799,tcp,106.180.225.76,59956,23153,10.177.71.215,HTTPS
12801,tcp,106.180.225.76,59942,23153,10.177.71.215,HTTPS
12802,tcp,106.180.225.76,59902,23153,10.177.71.215,HTTPS
12803,tcp,106.180.225.76,59878,23153,10.177.71.215,HTTPS
12805,tcp,106.180.225.76,59953,23153,10.177.71.215,HTTPS
12806,tcp,106.180.225.76,60021,23153,10.177.71.215,HTTPS
12809,tcp,106.180.225.76,60010,23153,10.177.71.215,HTTPS
12810,tcp,106.180.225.76,60062,23153,10.177.71.215,HTTPS
12812,tcp,106.180.225.76,59870,23153,10.177.71.215,HTTPS
12814,tcp,106.180.225.76,59980,23153,10.177.71.215,HTTPS
12815,tcp,106.180.225.76,60016,23153,10.177.71.215,HTTPS
12816,tcp,106.180.225.76,59926,23153,10.177.71.215,HTTPS
12818,tcp,106.180.225.76,59998,23153,10.177.71.215,HTTPS
12820,tcp,106.180.225.76,60060,23153,10.177.71.215,HTTPS
12821,tcp,106.180.225.76,59974,23153,10.177.71.215,HTTPS
12823,tcp,106.180.225.76,60072,23153,10.177.71.215,HTTPS
12824,tcp,106.180.225.76,59986,23153,10.177.71.215,HTTPS
12825,tcp,106.180.225.76,59866,23153,10.177.71.215,HTTPS
12826,tcp,106.180.225.76,59916,23153,10.177.71.215,HTTPS
12827,tcp,106.180.225.76,60028,23153,10.177.71.215,HTTPS
12828,tcp,106.180.225.76,60078,23153,10.177.71.215,HTTPS
12830,tcp,106.180.225.76,60098,23153,10.177.71.215,HTTPS
12831,tcp,106.180.225.76,59910,23153,10.177.71.215,HTTPS
12832,tcp,106.180.225.76,60036,23153,10.177.71.215,HTTPS
12833,tcp,106.180.225.76,59932,23153,10.177.71.215,HTTPS
12836,tcp,106.180.225.76,59978,23153,10.177.71.215,HTTPS
12837,tcp,106.180.225.76,60026,23153,10.177.71.215,HTTPS
12838,tcp,106.180.225.76,60108,23153,10.177.71.215,HTTPS
12839,tcp,106.180.225.76,59944,23153,10.177.71.215,HTTPS
12840,tcp,106.180.225.76,60024,23153,10.177.71.215,HTTPS
12841,tcp,106.180.225.76,59888,23153,10.177.71.215,HTTPS
12842,tcp,106.180.225.76,59876,23153,10.177.71.215,HTTPS
12843,tcp,106.180.225.76,59962,23153,10.177.71.215,HTTPS
12844,tcp,106.180.225.76,60088,23153,10.177.71.215,HTTPS
12845,tcp,106.180.225.76,59960,23153,10.177.71.215,HTTPS
12848,tcp,106.180.225.76,59882,23153,10.177.71.215,HTTPS
12850,tcp,106.180.225.76,59938,23153,10.177.71.215,HTTPS
12852,tcp,106.180.225.76,59923,23153,10.177.71.215,HTTPS
12853,tcp,106.180.225.76,60092,23153,10.177.71.215,HTTPS
12854,tcp,106.180.225.76,59936,23153,10.177.71.215,HTTPS
12855,tcp,106.180.225.76,60040,23153,10.177.71.215,HTTPS
12856,tcp,106.180.225.76,60022,23153,10.177.71.215,HTTPS
12857,tcp,106.180.225.76,59908,23153,10.177.71.215,HTTPS
12858,tcp,106.180.225.76,59906,23153,10.177.71.215,HTTPS
12859,tcp,106.180.225.76,60018,23153,10.177.71.215,HTTPS
12861,tcp,106.180.225.76,59880,23153,10.177.71.215,HTTPS
12862,tcp,106.180.225.76,60044,23153,10.177.71.215,HTTPS
12863,tcp,106.180.225.76,60070,23153,10.177.71.215,HTTPS
12865,tcp,106.180.225.76,59928,23153,10.177.71.215,HTTPS
12866,tcp,106.180.225.76,60094,23153,10.177.71.215,HTTPS
12868,tcp,106.180.225.76,59940,23153,10.177.71.215,HTTPS
12869,tcp,106.180.225.76,59948,23153,10.177.71.215,HTTPS
12870,tcp,106.180.225.76,59898,23153,10.177.71.215,HTTPS
12871,tcp,106.180.225.76,60102,23153,10.177.71.215,HTTPS
12872,tcp,106.180.225.76,60112,23153,10.177.71.215,HTTPS
12873,tcp,106.180.225.76,60100,23153,10.177.71.215,HTTPS
12875,tcp,106.180.225.76,59976,23153,10.177.71.215,HTTPS
12877,tcp,106.180.225.76,59982,23153,10.177.71.215,HTTPS
12885,tcp,106.180.225.76,60074,23153,10.177.71.215,HTTPS
12899,tcp,106.180.225.76,60114,23153,10.177.71.215,HTTPS
12901,tcp,106.180.225.76,60080,23153,10.177.71.215,HTTPS
12907,tcp,106.180.225.76,59896,23153,10.177.71.215,HTTPS
12915,tcp,106.180.225.76,59894,23153,10.177.71.215,HTTPS
12918,tcp,106.180.225.76,60086,23153,10.177.71.215,HTTPS
12920,tcp,106.180.225.76,60118,23153,10.177.71.215,HTTPS
12923,tcp,106.180.225.76,60076,23153,10.177.71.215,HTTPS
12925,tcp,175.27.4.102,60124,80,10.177.71.215,微信消息
12926,udp,109.244.236.234,1863,30013,10.177.71.215,腾讯私有协议
12927,tcp,106.180.225.76,58179,23153,10.177.71.215,HTTPS
12928,tcp,17.57.145.172,53855,5223,10.177.71.215,Apple私有协议
12929,tcp,106.180.225.76,59032,23153,10.177.71.215,HTTPS
12930,tcp,220.246.254.81,57801,58991,10.177.71.215,HTTPS
12931,tcp,123.234.3.166,59159,443,10.177.71.215,哔哩哔哩动画
12932,tcp,106.180.225.76,58246,23153,10.177.71.215,HTTPS
12933,udp,121.51.167.108,1863,8015,10.177.71.215,未知协议
12934,tcp,106.180.225.76,57412,23153,10.177.71.215,HTTPS
12935,tcp,220.246.254.81,57924,58991,10.177.71.215,HTTPS
12936,tcp,220.246.254.81,55621,58991,10.177.71.215,SSL
12937,tcp,106.180.225.76,59063,23153,10.177.71.215,HTTPS
12938,tcp,220.246.254.81,58640,58991,10.177.71.215,HTTPS
12939,tcp,175.27.0.253,58074,80,10.177.71.215,微信消息
12940,tcp,121.36.83.100,59163,80,10.177.71.215,WPS-Office
12941,tcp,220.246.254.81,57938,58991,10.177.71.215,HTTPS
12942,tcp,43.137.190.184,56532,443,10.177.71.215,微信消息
12943,tcp,18.164.154.93,57637,443,10.177.71.215,HTTPS
12944,tcp,106.180.225.76,58158,23153,10.177.71.215,HTTPS
12945,tcp,106.180.225.76,59080,23153,10.177.71.215,HTTPS
12946,tcp,120.92.107.6,56771,443,10.177.71.215,知乎
12947,tcp,106.180.225.76,58241,23153,10.177.71.215,HTTPS
12948,tcp,110.242.70.52,59005,80,10.177.71.215,百度网盘
12949,tcp,106.180.225.76,60150,23153,10.177.71.215,HTTPS
12950,tcp,106.180.225.76,60153,23153,10.177.71.215,HTTPS
12951,tcp,220.246.254.81,58639,58991,10.177.71.215,HTTPS
12952,tcp,220.246.254.81,57990,58991,10.177.71.215,HTTPS
12953,tcp,220.246.254.81,57935,58991,10.177.71.215,HTTPS
12954,tcp,175.27.4.102,60140,80,10.177.71.215,微信消息
12955,tcp,220.246.254.81,57806,58991,10.177.71.215,HTTPS
12956,tcp,106.180.225.76,59073,23153,10.177.71.215,HTTPS
12957,tcp,106.180.225.76,59055,23153,10.177.71.215,HTTPS
12958,tcp,220.246.254.81,57937,58991,10.177.71.215,HTTPS
12959,tcp,198.175.113.248,58622,9080,10.177.71.215,SSH
12960,tcp,106.180.225.76,57350,23153,10.177.71.215,HTTPS
12961,tcp,106.180.225.76,59056,23153,10.177.71.215,HTTPS
12962,tcp,110.242.70.52,59743,80,10.177.71.215,百度网盘
12963,tcp,106.180.225.76,57549,23153,10.177.71.215,HTTPS
